id,title,category,tier_num,tier_name,status,status_full,correct_answer,source_file
IM-0001,The Signal Fire,The Last Ingredient,1,SPARK,KS,Known-Solution,SIGNAL,scenarios/tier_1_spark/IM-0001.md
IM-0002,The Rising Tide,The Locked Room,1,SPARK,KS,Known-Solution,LIVE,scenarios/tier_1_spark/IM-0002.md
IM-0003,The Fabric Rope,The Wrong Toolbox,1,SPARK,KS,Known-Solution,DESCEND,scenarios/tier_1_spark/IM-0003.md
IM-0004,The Unlocked Door,The Misdirection,1,SPARK,DG,Degenerate,PUSH THE DOOR OPEN AND WALK OUT,scenarios/tier_1_spark/IM-0004.md
IM-0005,The Sawdust Bridge,The Wrong Toolbox,1,SPARK,KS,Known-Solution,"PACK SAWDUST INTO PLASTIC SHEETING TUBES TO CREATE RIGID COMPRESSION BEAMS, THEN SPAN THE GAP WITH PALLETS",scenarios/tier_1_spark/IM-0005.md
IM-0006,The Paper Prison,The Invisible Wall,1,SPARK,DG,Degenerate,PUSH THE DOOR OPEN -- IT IS CLOSED BUT NOT LOCKED,scenarios/tier_1_spark/IM-0006.md
IM-0007,The Sweet Poison,The Misdirection,1,SPARK,KS,Known-Solution,EAT NEITHER THE RED NOR THE GREEN BERRIES -- HARVEST THE CATTAILS GROWING IN THE NEARBY MARSH,scenarios/tier_1_spark/IM-0007.md
IM-0008,The Last Train,The Ticking Trade,1,SPARK,KS,Known-Solution,PARTIALLY ENGAGE THE JUNCTION SWITCH TO DERAIL THE RAILCAR INTO THE SOFT EMBANKMENT,scenarios/tier_1_spark/IM-0008.md
IM-0009,The Whistle Code,The Babel Problem,1,SPARK,KS,Known-Solution,"USE MORSE CODE TRANSMITTED VIA WHISTLE PITCHES (HIGH = DOT, LOW = DASH) TO COMMUNICATE THROUGH THE WALL",scenarios/tier_1_spark/IM-0009.md
IM-0010,The Salt Battery,The Last Ingredient,1,SPARK,KS,Known-Solution,BUILD A VOLTAIC PILE (COPPER/SALTWATER/ZINC CELLS IN SERIES) TO POWER THE EMERGENCY RADIO,scenarios/tier_1_spark/IM-0010.md
IM-0011,The Checkout Paradox,The Invisible Wall,1,SPARK,DG,Degenerate,WALK OUT THROUGH THE LOADING DOCK,scenarios/tier_1_spark/IM-0011.md
IM-0012,The Furnace Room,The Locked Room,1,SPARK,KS,Known-Solution,REMOVE THE HINGE PINS,scenarios/tier_1_spark/IM-0012.md
IM-0013,The Newspaper Shelter,The Wrong Toolbox,1,SPARK,KS,Known-Solution,BUILD INSULATED SHELTER USING NEWSPAPER INSIDE GARBAGE BAGS,scenarios/tier_1_spark/IM-0013.md
IM-0014,The Sinking Fix,The Cascade,1,SPARK,KS,Known-Solution,"BAIL WATER FIRST, THEN SCULL TO SHORE WITH ONE OAR, THEN FIX THE LEAK ON LAND",scenarios/tier_1_spark/IM-0014.md
IM-0015,The Capillary Climb,The Lilliput Conundrum,1,SPARK,KS,Known-Solution,"RIDE THE CAPILLARY MENISCUS UPWARD -- AT 1MM SCALE, SURFACE TENSION DOMINATES AND WATER CLIMBS THE TUBE AUTOMATICALLY",scenarios/tier_1_spark/IM-0015.md
IM-0016,The Water Wheel,The Ghost Machine,1,SPARK,KS,Known-Solution,"THE WHEEL IS AN OVERSHOT WATER WHEEL DRIVEN BY GRAVITY VIA A FLUME, NOT BY THE STREAM CURRENT",scenarios/tier_1_spark/IM-0016.md
IM-0017,The Emergency Exit,The Invisible Wall,1,SPARK,DG,Degenerate,USE THE FIRE EXIT AT THE END OF CORRIDOR B,scenarios/tier_1_spark/IM-0017.md
IM-0018,The Broken Clock,The Memory Palace,1,SPARK,KS,Known-Solution,"USE THE STOPPED CLOCK TIME (3:47) AS AN INDEX -- BOOK 3, CHAPTER 4, PAGE 7 CONTAINS A KEY TAPED INSIDE",scenarios/tier_1_spark/IM-0018.md
IM-0019,The Smoke Signal,The Babel Problem,1,SPARK,KS,Known-Solution,"BUILD A DRY WOOD FIRE, ADD GREEN LEAVES FOR WHITE SMOKE, USE DAMP TARP TO CREATE THREE DISTINCT PUFFS",scenarios/tier_1_spark/IM-0019.md
IM-0020,The Mud Mortar,The Last Ingredient,1,SPARK,KS,Known-Solution,USE WATTLE-AND-DAUB TECHNIQUE -- PACK CLAY-RICH MUD MIXED WITH GRASS FIBERS BETWEEN LAYERS TO BUILD A COMPACTED BERM,scenarios/tier_1_spark/IM-0020.md
IM-0021,The Fog Signal,The Babel Problem,1,SPARK,KS,Known-Solution,USE STANDARD MARITIME HORN SIGNALS (COLREGS) TO COMMUNICATE INTENTIONS AND AVOID COLLISION,scenarios/tier_1_spark/IM-0021.md
IM-0022,The Smoke Detector,The Misdirection,1,SPARK,DG,Degenerate,"TRIGGER A SMOKE DETECTOR TO ACTIVATE THE FIRE ALARM, WHICH AUTO-UNLOCKS ALL FIRE DOORS",scenarios/tier_1_spark/IM-0022.md
IM-0023,The Citrus Degreaser,The Last Ingredient,1,SPARK,KS,Known-Solution,"USE LEMON PEEL (D-LIMONENE) AS A NATURAL DEGREASER, THEN BAKING SODA PASTE FOR ABRASION; VINEGAR IS A DISTRACTOR",scenarios/tier_1_spark/IM-0023.md
IM-0024,The Rattling Pipe,The Ghost Machine,1,SPARK,KS,Known-Solution,WATER HAMMER,scenarios/tier_1_spark/IM-0024.md
IM-0025,The River Crossing,The Babel Problem,1,SPARK,KS,Known-Solution,USE PHYSICAL DEMONSTRATION AND IMITATION TO COORDINATE ROWING,scenarios/tier_1_spark/IM-0025.md
IM-0026,The Cattail Torch,The Last Ingredient,1,SPARK,KS,Known-Solution,SOAK CATTAIL SEED HEADS IN RENDERED FAT AND USE AS A TORCH,scenarios/tier_1_spark/IM-0026.md
IM-0027,The Birch Bark Fire,The Last Ingredient,1,SPARK,KS,Known-Solution,"STRIKE THE STEEL KNIFE AGAINST THE FLINT TO PRODUCE SPARKS. USE THE SPARKS TO IGNITE THE BIRCH BARK, WHICH CONTAINS HIGHLY FLAMMABLE BIRCH OIL.",scenarios/tier_1_spark/IM-0027.md
IM-0028,The Revolving Door,The Invisible Wall,1,SPARK,DG,Degenerate,PUSH THE REVOLVING DOOR MANUALLY OR FOLD THE BREAKAWAY PANELS FLAT FOR EMERGENCY EGRESS,scenarios/tier_1_spark/IM-0028.md
IM-0029,The Egg Carton Armor,The Wrong Toolbox,1,SPARK,KS,Known-Solution,"USE EGG CARTONS AS IMPACT-ABSORBING PACKAGING, CRUMPLED NEWSPAPER AS GAP-FILLING CUSHION, AND STRING TO SECURE THE BUNDLES.",scenarios/tier_1_spark/IM-0029.md
IM-0030,The Cork Float,The Wrong Toolbox,1,SPARK,KS,Known-Solution,USE THE MAGNET ON A STRING TO RETRIEVE THE KEYS,scenarios/tier_1_spark/IM-0030.md
IM-0031,The Light Signal,The Babel Problem,1,SPARK,KS,Known-Solution,FLASH IN PATTERNS TO COMMUNICATE,scenarios/tier_1_spark/IM-0031.md
IM-0032,The Boat Shed,The Locked Room,1,SPARK,KS,Known-Solution,EXIT THROUGH THE FLOOR INTO THE WATER BELOW,scenarios/tier_1_spark/IM-0032.md
IM-0033,The Mushroom Compass,The Last Ingredient,1,SPARK,KS,Known-Solution,"USE MOSS AND MUSHROOM GROWTH PATTERNS ON MULTIPLE TREES TO DETERMINE NORTH (NORTHERN HEMISPHERE), THEN NAVIGATE BY DIRECTION",scenarios/tier_1_spark/IM-0033.md
IM-0034,The Plantain Bandage,The Last Ingredient,1,SPARK,KS,Known-Solution,CRUSH A PLANTAIN LEAF (PLANTAGO MAJOR) AND APPLY DIRECTLY TO THE WOUND AS A POULTICE,scenarios/tier_1_spark/IM-0034.md
IM-0035,The Skylight Escape,The Locked Room,1,SPARK,KS,Known-Solution,"DRIVE THE FORKLIFT UNDER THE SKYLIGHT, RAISE THE FORKS TO MAXIMUM HEIGHT, CLIMB THE FORKS, AND EXIT THROUGH THE SKYLIGHT",scenarios/tier_1_spark/IM-0035.md
IM-0036,The Soap Boat,The Lilliput Conundrum,1,SPARK,KS,Known-Solution,"USE THE MARANGONI EFFECT -- SOAP REDUCES SURFACE TENSION BEHIND YOU, PULLING YOU FORWARD",scenarios/tier_1_spark/IM-0036.md
IM-0037,The Battery Recall,The Ticking Trade,1,SPARK,KS,Known-Solution,DRIVE DOWN THE MOUNTAIN -- REGENERATIVE BRAKING WILL RECHARGE THE BATTERY,scenarios/tier_1_spark/IM-0037.md
IM-0038,The Tallow Candle,The Wrong Toolbox,1,SPARK,KS,Known-Solution,RENDER THE ANIMAL FAT INTO TALLOW AND MAKE A CANDLE WITH A COTTON WICK IN A TIN CAN,scenarios/tier_1_spark/IM-0038.md
IM-0039,The Urine Compass,The Last Ingredient,1,SPARK,KS,Known-Solution,USE STICK SHADOW METHOD TO DETERMINE EAST-WEST LINE,scenarios/tier_1_spark/IM-0039.md
IM-0040,The Gym Membership,The Invisible Wall,1,SPARK,DG,Degenerate,WALK OUT THROUGH THE GYM'S GROUND-FLOOR EXIT,scenarios/tier_1_spark/IM-0040.md
IM-0041,The Drain Escape,The Locked Room,1,SPARK,KS,Known-Solution,REMOVE THE FLOOR DRAIN GRATE AND EXIT THROUGH THE SEWER PIPE,scenarios/tier_1_spark/IM-0041.md
IM-0042,The Mud Brick,The Wrong Toolbox,1,SPARK,KS,Known-Solution,"MAKE ADOBE BRICKS FROM CLAY SOIL, STRAW, AND WATER",scenarios/tier_1_spark/IM-0042.md
IM-0043,The Willow Bark Tea,The Last Ingredient,1,SPARK,KS,Known-Solution,"BREW TEA FROM WILLOW BARK -- IT CONTAINS SALICIN, THE NATURAL PRECURSOR TO ASPIRIN, WHICH PROVIDES EFFECTIVE PAIN RELIEF",scenarios/tier_1_spark/IM-0043.md
IM-0044,The Lantern Signal,The Babel Problem,1,SPARK,KS,Known-Solution,SIGNAL THE RESCUE BOAT USING THE LANTERN IN A RECOGNIZABLE PATTERN,scenarios/tier_1_spark/IM-0044.md
IM-0045,The Greenhouse Vent,The Locked Room,1,SPARK,KS,Known-Solution,CRANK OPEN A ROOF VENT AND CLIMB OUT THROUGH THE ROOF,scenarios/tier_1_spark/IM-0045.md
IM-0046,The Broken Thermometer,The Misdirection,1,SPARK,KS,Known-Solution,THE PATIENT HAS A FEVER -- 98.6F IS ABOVE THEIR INDIVIDUAL BASELINE OF 97.0F,scenarios/tier_1_spark/IM-0046.md
IM-0047,The Pine Needle Tea,The Last Ingredient,1,SPARK,KS,Known-Solution,BREW TEA FROM FRESH PINE NEEDLES TO TREAT VITAMIN C DEFICIENCY,scenarios/tier_1_spark/IM-0047.md
IM-0048,The Fire Code Door,The Invisible Wall,1,SPARK,KS,Known-Solution,USE THE FIRE EXIT DOORS -- THEY ARE ALWAYS UNLOCKED FROM THE INSIDE BY LAW,scenarios/tier_1_spark/IM-0048.md
IM-0049,The Cob Wall,The Wrong Toolbox,1,SPARK,KS,Known-Solution,"BUILD A COB WALL FROM CLAY SOIL, SAND, STRAW, AND WATER",scenarios/tier_1_spark/IM-0049.md
IM-0050,The Ant Raft,The Lilliput Conundrum,1,SPARK,KS,Known-Solution,"FORM A LIVING RAFT BY LINKING BODIES TOGETHER -- TRAPPED AIR BETWEEN BODIES PROVIDES BUOYANCY, HYDROPHOBIC OUTER LAYER REPELS WATER",scenarios/tier_1_spark/IM-0050.md
IM-0051,The Loading Dock,The Invisible Wall,1,SPARK,DG,Degenerate,WALK OUT THROUGH DOCK C -- THE OVERHEAD DOOR IS OPEN FOR A SCHEDULED DELIVERY,scenarios/tier_1_spark/IM-0051.md
IM-0052,The Basement Window,The Locked Room,1,SPARK,KS,Known-Solution,EXIT THROUGH THE EGRESS WINDOW,scenarios/tier_1_spark/IM-0052.md
IM-0053,The Overflow Cascade,The Cascade,1,SPARK,KS,Known-Solution,TURN OFF THE MAIN WATER SHUTOFF VALVE,scenarios/tier_1_spark/IM-0053.md
IM-0054,The River Stone,The Babel Problem,1,SPARK,KS,Known-Solution,SEND A WATERPROOF MESSAGE DOWNSTREAM VIA THE RIVER CURRENT,scenarios/tier_1_spark/IM-0054.md
IM-0055,The Radiometer Puzzle,The Ghost Machine,1,SPARK,KS,Known-Solution,"THE CROOKES RADIOMETER SPINS DUE TO THERMAL TRANSPIRATION AT VANE EDGES, NOT PHOTON PRESSURE",scenarios/tier_1_spark/IM-0055.md
IM-0056,The Wattle Fence,The Wrong Toolbox,1,SPARK,KS,Known-Solution,BUILD A WATTLE FENCE BY WEAVING FLEXIBLE BRANCHES BETWEEN DRIVEN UPRIGHTS,scenarios/tier_1_spark/IM-0056.md
IM-0057,The Water Heater,The Cascade,1,SPARK,KS,Known-Solution,THAW THE FROZEN PIPE FIRST -- IT IS UPSTREAM OF THE WATER HEATER AND BLOCKING ALL WATER FLOW,scenarios/tier_1_spark/IM-0057.md
IM-0058,The Water Tower,The Ticking Trade,1,SPARK,KS,Known-Solution,PARTIALLY DRAIN THE TOWER TO BELOW THE LEAK LEVEL -- MAINTAIN WATER SERVICE WHILE ENABLING INTERIOR REPAIR,scenarios/tier_1_spark/IM-0058.md
IM-0059,The Dock Leaf,The Last Ingredient,1,SPARK,KS,Known-Solution,CRUSH A DOCK LEAF AND RUB THE SAP ON THE NETTLE STING,scenarios/tier_1_spark/IM-0059.md
IM-0060,The Laundry Chute,The Locked Room,1,SPARK,KS,Known-Solution,ESCAPE VIA LAUNDRY CHUTE,scenarios/tier_1_spark/IM-0060.md
IM-0061,The Vinegar Battery,The Cascade,1,SPARK,KS,Known-Solution,"FIX CORRODED CONTACTS FIRST, THEN TEST BATTERIES, THEN IMPROVISE IF NEEDED",scenarios/tier_1_spark/IM-0061.md
IM-0062,The Plantago Poultice,The Last Ingredient,1,SPARK,KS,Known-Solution,APPLY A CRUSHED PLANTAGO MAJOR (BROADLEAF PLANTAIN) LEAF POULTICE TO THE STING,scenarios/tier_1_spark/IM-0062.md
IM-0063,The Blast Room,The Locked Room,2,FRACTURE,KS,Known-Solution,LIVE,scenarios/tier_2_fracture/IM-0063.md
IM-0064,The Cold Lock,The Locked Room,2,FRACTURE,KS,Known-Solution,LIVE,scenarios/tier_2_fracture/IM-0064.md
IM-0065,The Smoke Signal,The Locked Room,2,FRACTURE,KS,Known-Solution,LIVE,scenarios/tier_2_fracture/IM-0065.md
IM-0066,The Paper Bridge,The Wrong Toolbox,2,FRACTURE,KS,Known-Solution,CROSS,scenarios/tier_2_fracture/IM-0066.md
IM-0067,The Gas Mask Trap,The Misdirection,2,FRACTURE,KS,Known-Solution,GET LOW AND BREATHE NEAR THE FLOOR,scenarios/tier_2_fracture/IM-0067.md
IM-0068,The Tunnel Split,The Babel Problem,2,FRACTURE,KS,Known-Solution,BOTH SURVIVORS EXIT THE TUNNEL,scenarios/tier_2_fracture/IM-0068.md
IM-0069,The Drone Decision,The Ticking Trade,2,FRACTURE,KS,Known-Solution,SAVE BOTH CARGO AND LIVES (Option C),scenarios/tier_2_fracture/IM-0069.md
IM-0070,The Giant's Staircase,The Lilliput Conundrum,2,FRACTURE,KS,Known-Solution,TRAVERSE,scenarios/tier_2_fracture/IM-0070.md
IM-0071,The Spinning Wheel,The Ghost Machine,2,FRACTURE,KS,Known-Solution,EXPLAIN,scenarios/tier_2_fracture/IM-0071.md
IM-0072,The Missing Catalyst,The Last Ingredient,2,FRACTURE,KS,Known-Solution,NEUTRALIZE,scenarios/tier_2_fracture/IM-0072.md
IM-0073,The Broken Compass,The Last Ingredient,2,FRACTURE,KS,Known-Solution,NAVIGATE,scenarios/tier_2_fracture/IM-0073.md
IM-0074,The Fire Exit Paradox,The Invisible Wall,2,FRACTURE,KS,Known-Solution,ESCAPE,scenarios/tier_2_fracture/IM-0074.md
IM-0075,The Shelf Code,The Memory Palace,2,FRACTURE,KS,Known-Solution,1450,scenarios/tier_2_fracture/IM-0075.md
IM-0076,The Drowning Archive,The Locked Room,2,FRACTURE,KS,Known-Solution,"USE THE CO2 FIRE EXTINGUISHER TO FREEZE WATER AROUND THE DOOR SEAL, THEN OPEN THE DOOR",scenarios/tier_2_fracture/IM-0076.md
IM-0077,The Sleeping Compass,The Misdirection,2,FRACTURE,KS,Known-Solution,REMOVE THE HIDDEN MAGNET FROM THE COMPASS HOUSING -- THE COMPASS ITSELF IS FUNCTIONAL,scenarios/tier_2_fracture/IM-0077.md
IM-0078,The Pipe Organ,The Cascade,2,FRACTURE,CT,Contested,"REPAIR SEQUENCE: DAMPER FIRST, THEN COOLANT, THEN INTAKE (OR: COOLANT FIRST WITH PARTIAL DAMPER, THEN FULL DAMPER, THEN INTAKE)",scenarios/tier_2_fracture/IM-0078.md
IM-0079,The Chalk Line,The Babel Problem,2,FRACTURE,KS,Known-Solution,USE WALL STUDS AS SHARED REFERENCE POINTS TO ESTABLISH A BINARY TAP CODE FOR WIRE IDENTIFICATION AND CUTTING INSTRUCTIONS,scenarios/tier_2_fracture/IM-0079.md
IM-0080,The Coin Flip,The Ticking Trade,2,FRACTURE,KS,Known-Solution,"REMOVE THE BACKUP BATTERY TO DISABLE THE AUTOMATED SYSTEM, THEN DISARM IT COMPLETELY -- SAVING BOTH ROOMS",scenarios/tier_2_fracture/IM-0080.md
IM-0081,The Clockwork Heart,The Ghost Machine,2,FRACTURE,KS,Known-Solution,THE CLOCK IS AN ATMOS-TYPE MECHANISM POWERED BY ATMOSPHERIC TEMPERATURE FLUCTUATIONS ACTING ON BIMETALLIC STRIPS IN THE CASE,scenarios/tier_2_fracture/IM-0081.md
IM-0082,The Missing Catalyst,The Last Ingredient,2,FRACTURE,KS,Known-Solution,"USE SODIS (SOLAR WATER DISINFECTION) -- FILL CLEAR BOTTLES, PLACE ON REFLECTIVE EMERGENCY BLANKET WITH BLACK FABRIC UNDERNEATH, EXPOSE TO SUNLIGHT FOR 2-4 HOURS",scenarios/tier_2_fracture/IM-0082.md
IM-0083,The Rosetta Stone,The Memory Palace,2,FRACTURE,KS,Known-Solution,THE CODE IS DERIVED FROM THE NUMBER OF SYLLABLES IN EACH COLOR NAME AT PRIME-NUMBERED POSITIONS: THE CODE IS 2213,scenarios/tier_2_fracture/IM-0083.md
IM-0084,The Rubber Hammer,The Wrong Toolbox,2,FRACTURE,KS,Known-Solution,"FILL THE GLASS JAR WITH WATER, SEAL IT, AND USE IT AS AN INCOMPRESSIBLE HAMMER TO DRIVE THE NAIL",scenarios/tier_2_fracture/IM-0084.md
IM-0085,The Signal Tower,The Babel Problem,2,FRACTURE,KS,Known-Solution,USE THE SUN'S POSITION AS A SHARED REFERENCE CLOCK TO ESTABLISH DIRECTIONAL SIGNALING,scenarios/tier_2_fracture/IM-0085.md
IM-0086,The Flea Circus,The Lilliput Conundrum,2,FRACTURE,KS,Known-Solution,ROLL THE CRYSTAL USING A PAPERCLIP WIRE RAMP AND EXPLOIT FAVORABLE SCALING OF DRAG FORCES,scenarios/tier_2_fracture/IM-0086.md
IM-0087,The Maze of Mirrors,The Invisible Wall,2,FRACTURE,KS,Known-Solution,FEEL FOR INVISIBLE GLASS DOOR HANDLES -- THE WALLS ARE HINGED GLASS DOORS WITH TRANSPARENT HANDLES,scenarios/tier_2_fracture/IM-0087.md
IM-0088,The Honey Trap,The Misdirection,2,FRACTURE,KS,Known-Solution,USE THE BEESWAX BLOCK (NOT THE HONEY) TO SEAL THE CRACKED PIPE,scenarios/tier_2_fracture/IM-0088.md
IM-0089,The Singing Wire,The Ghost Machine,2,FRACTURE,KS,Known-Solution,MAGNETOSTRICTION CAUSED BY ALTERNATING MAGNETIC FIELD FROM NEARBY POWER LINES,scenarios/tier_2_fracture/IM-0089.md
IM-0090,The Ash Concrete,The Last Ingredient,2,FRACTURE,KS,Known-Solution,MIX WOOD ASH WITH SAND AND WATER TO CREATE A POZZOLANIC CEMENT BARRIER,scenarios/tier_2_fracture/IM-0090.md
IM-0091,The Submarine Garden,The Locked Room,2,FRACTURE,KS,Known-Solution,"USE THE CHAIN WRAPPED AROUND THE WHEEL AS A FORCE MULTIPLIER, WITH THE RUBBER BOOT FOR GRIP, TO TURN THE ESCAPE HATCH",scenarios/tier_2_fracture/IM-0091.md
IM-0092,The Avalanche Valve,The Cascade,2,FRACTURE,KS,Known-Solution,"USE BODY HEAT AND BLANKET INSULATION TO THAW A SMALL PIPE SECTION, GET WATER FOR ICE WINDOW SEAL, THEN LET THE WARMER ROOM THAW MORE PIPES NATURALLY",scenarios/tier_2_fracture/IM-0092.md
IM-0093,The Spider's Crane,The Lilliput Conundrum,2,FRACTURE,KS,Known-Solution,USE SILK THREADS AS A PULLEY SYSTEM ANCHORED TO GRASS BLADES TO LIFT AND MOVE THE INSECT CARCASS,scenarios/tier_2_fracture/IM-0093.md
IM-0094,The Mercury Switch,The Ticking Trade,2,FRACTURE,PX,Paradox,THIS TASK IS PHYSICALLY IMPOSSIBLE. PROVE IMPOSSIBILITY AND IDENTIFY THE BINDING CONSTRAINT.,scenarios/tier_2_fracture/IM-0094.md
IM-0095,The Star Chart,The Memory Palace,2,FRACTURE,KS,Known-Solution,4173852,scenarios/tier_2_fracture/IM-0095.md
IM-0096,The Trolley Bypass,The Ticking Trade,2,FRACTURE,KS,Known-Solution,CLOSE BOTH VALVES TO DIVERT CHEMICAL INTO THE UPSTREAM CONTAINMENT BASIN,scenarios/tier_2_fracture/IM-0096.md
IM-0097,The Magnetic Spinner,The Ghost Machine,2,FRACTURE,PX,Paradox,IMPOSSIBLE -- the claimed perpetual acceleration violates conservation of energy. A hidden energy source (electromagnet) must exist.,scenarios/tier_2_fracture/IM-0097.md
IM-0098,The Vinegar Engine,The Last Ingredient,2,FRACTURE,KS,Known-Solution,USE VINEGAR TO DISSOLVE COPPER OXIDE CORROSION FROM ELECTRICAL CONTACTS,scenarios/tier_2_fracture/IM-0098.md
IM-0099,The Firewall Walk,The Invisible Wall,2,FRACTURE,KS,Known-Solution,USE THE MANUAL FIRE EXIT OVERRIDE HANDLES REQUIRED BY BUILDING CODE,scenarios/tier_2_fracture/IM-0099.md
IM-0100,The Elevator Shaft,The Locked Room,2,FRACTURE,KS,Known-Solution,"USE THE UMBRELLA TO OPEN THE CEILING HATCH, CLIMB OUT TO THE SHAFT, AND ACCESS THE SHAFT-SIDE DOOR",scenarios/tier_2_fracture/IM-0100.md
IM-0101,The Dental Dam,The Wrong Toolbox,2,FRACTURE,KS,Known-Solution,"CUT AND STRETCH THE BICYCLE INNER TUBE OVER THE CRACK, LETTING WATER PRESSURE CREATE THE SEAL",scenarios/tier_2_fracture/IM-0101.md
IM-0102,The Morse Mirror,The Babel Problem,2,FRACTURE,KS,Known-Solution,FLASH SOS IN MORSE CODE -- THE PATTERN ITSELF SIGNALS INTELLIGENCE EVEN TO RECEIVERS WHO DO NOT KNOW MORSE,scenarios/tier_2_fracture/IM-0102.md
IM-0103,The Decoy Door,The Misdirection,2,FRACTURE,KS,Known-Solution,"USE THE UNMARKED DOOR -- THE EXIT SIGN IS A TRAP, THE ENVIRONMENTAL CUES (ARCING, EXPOSED WIRES) INDICATE THE MARKED DOOR IS ELECTRIFIED",scenarios/tier_2_fracture/IM-0103.md
IM-0104,The Thermostat War,The Cascade,2,FRACTURE,KS,Known-Solution,CREATE A THERMAL GRADIENT VIA PARTIAL ONE-SIDED VENTING,scenarios/tier_2_fracture/IM-0104.md
IM-0105,The Matchless Furnace,The Last Ingredient,2,FRACTURE,KS,Known-Solution,USE EXOTHERMIC REACTION OF CALCIUM OXIDE (QUICKLIME) AND WATER TO GENERATE HEAT,scenarios/tier_2_fracture/IM-0105.md
IM-0106,The Cardboard Bridge,The Wrong Toolbox,2,FRACTURE,KS,Known-Solution,"CONSTRUCT TRIANGULAR TUBE BEAMS FROM CORRUGATED CARDBOARD, WATERPROOF WITH PLASTIC BAGS, AND SPAN THE STREAM",scenarios/tier_2_fracture/IM-0106.md
IM-0107,The Frozen Lock,The Locked Room,2,FRACTURE,KS,Known-Solution,"USE COOKING OIL TO DISPLACE ICE FROM THE LOCK MECHANISM, THEN IGNITE STEEL WOOL WITH MATCHES TO WARM THE HANDLE",scenarios/tier_2_fracture/IM-0107.md
IM-0108,The Tin Can Radio,The Wrong Toolbox,2,FRACTURE,KS,Known-Solution,"BUILD A FIELD TELEPHONE USING MAGNETS AND COPPER COIL, NOT A TIN-CAN-AND-STRING PHONE",scenarios/tier_2_fracture/IM-0108.md
IM-0109,The Quicksand Myth,The Misdirection,2,FRACTURE,KS,Known-Solution,"LEAN BACK TO INCREASE SURFACE AREA, WIGGLE LEGS SLOWLY TO INTRODUCE WATER, THEN BACKSTROKE TO SOLID GROUND",scenarios/tier_2_fracture/IM-0109.md
IM-0110,The Lighthouse Code,The Babel Problem,2,FRACTURE,KS,Known-Solution,FLASH SOS WITH THE SEARCHLIGHT -- THE KEEPER WILL RECOGNIZE THE UNIVERSAL DISTRESS PATTERN AND CALL THE COAST GUARD,scenarios/tier_2_fracture/IM-0110.md
IM-0111,The Raindrop Mountain,The Lilliput Conundrum,2,FRACTURE,KS,Known-Solution,"VIBRATE THE LEAF BY RHYTHMICALLY STRIKING IT TO INDUCE RESONANCE, CAUSING THE RAINDROP TO ROLL AWAY",scenarios/tier_2_fracture/IM-0111.md
IM-0112,The Crystal Radio,The Ghost Machine,2,FRACTURE,KS,Known-Solution,THE RADIO WORKS WITHOUT EXTERNAL POWER BECAUSE IT IS A CRYSTAL RADIO -- IT HARVESTS ENERGY DIRECTLY FROM THE INCOMING RADIO WAVES,scenarios/tier_2_fracture/IM-0112.md
IM-0113,The Locked PDF,The Invisible Wall,2,FRACTURE,MT,Metamorphic,THE SAFETY INFORMATION IS LEGALLY REQUIRED TO BE PHYSICALLY POSTED IN THE FACILITY -- LOOK FOR THE MANDATORY PHYSICAL POSTINGS,scenarios/tier_2_fracture/IM-0113.md
IM-0114,The Tide Table,The Memory Palace,2,FRACTURE,KS,Known-Solution,"READ THE WALL MARKINGS AS A TIDE GAUGE -- HORIZONTAL LINES = LOW TIDE, CROSSES = MID-TIDE, CIRCLES = HIGH TIDE (DANGER). THE CURRENT WATER LEVEL RELATIVE TO THE MARKS TELLS YOU THE TIDAL PHASE AND WHEN TO EXIT.",scenarios/tier_2_fracture/IM-0114.md
IM-0115,The Rust Nail,The Last Ingredient,2,FRACTURE,KS,Known-Solution,"CREATE IRON ACETATE SOLUTION FROM NAILS + VINEGAR + SALT, APPLY TO ROCK FOR PERMANENT IRON OXIDE STAIN",scenarios/tier_2_fracture/IM-0115.md
IM-0116,The Aquifer Pump,The Cascade,2,FRACTURE,KS,Known-Solution,"SEAL THE CRACKED RISER PIPE WITH BENTONITE CLAY, THEN PRIME THE PUMP",scenarios/tier_2_fracture/IM-0116.md
IM-0117,The Chimney Problem,The Locked Room,2,FRACTURE,KS,Known-Solution,BUILD A SMOKY FIRE IN THE FIREPLACE TO SIGNAL THROUGH THE CHIMNEY,scenarios/tier_2_fracture/IM-0117.md
IM-0118,The Engine Block,The Cascade,2,FRACTURE,KS,Known-Solution,"POUR HOT WATER OVER THE STARTER TO THIN CORROSION, THEN PUSH-START THE VEHICLE",scenarios/tier_2_fracture/IM-0118.md
IM-0119,The Leaning Tower,The Ghost Machine,2,FRACTURE,KS,Known-Solution,"THE SHELF IS BOLTED TO THE WALL WITH HIDDEN L-BRACKETS BEHIND THE BOOKS, PROVIDING A REACTION FORCE THAT PREVENTS TOPPLING",scenarios/tier_2_fracture/IM-0119.md
IM-0120,The Mud Battery,The Last Ingredient,2,FRACTURE,KS,Known-Solution,BUILD A MICROBIAL FUEL CELL USING ALUMINUM AND COPPER ELECTRODES IN MUD,scenarios/tier_2_fracture/IM-0120.md
IM-0121,The Pollen Ferry,The Lilliput Conundrum,2,FRACTURE,KS,Known-Solution,MAKE MULTIPLE TRIPS (CARRY HALF EACH TIME) OR WALK ALONG STEMS AND LEAVES INSTEAD OF FLYING,scenarios/tier_2_fracture/IM-0121.md
IM-0122,The Ground Wave,The Babel Problem,2,FRACTURE,KS,Known-Solution,COMMUNICATE BY STRIKING THE ROCKY GROUND WITH HAMMERS -- SEISMIC WAVES TRAVEL THROUGH ROCK AND CAN BE FELT BY THE OTHER PERSON,scenarios/tier_2_fracture/IM-0122.md
IM-0123,The Oil Drop Lens,The Lilliput Conundrum,2,FRACTURE,KS,Known-Solution,USE A WATER DROPLET AS A SPHERICAL LENS TO MAGNIFY FINE DETAIL,scenarios/tier_2_fracture/IM-0123.md
IM-0124,The Paradox of Choice,The Ticking Trade,2,FRACTURE,PX,Paradox,IMPOSSIBLE -- THREE LEVERS REQUIRING 12 SECONDS EACH CANNOT ALL BE PULLED WITHIN 30 SECONDS BY ONE PERSON WITH TWO HANDS,scenarios/tier_2_fracture/IM-0124.md
IM-0125,The Self-Winding Watch,The Ghost Machine,2,FRACTURE,KS,Known-Solution,THE WATCH IS AN AUTOMATIC (SELF-WINDING) MECHANICAL WATCH -- AN OSCILLATING ROTOR CONVERTS THE WEARER'S BODY MOVEMENTS INTO MAINSPRING TENSION,scenarios/tier_2_fracture/IM-0125.md
IM-0126,The Screw Holes,The Memory Palace,2,FRACTURE,KS,Known-Solution,"THE PATTERN OF FILLED AND EMPTY HOLES ENCODES A BINARY NUMBER -- BINARY 101100110010 = DECIMAL 2866, WHICH IS THE KEY CODE",scenarios/tier_2_fracture/IM-0126.md
IM-0127,The Ice Box,The Locked Room,2,FRACTURE,KS,Known-Solution,USE THE INTERNAL EMERGENCY RELEASE HANDLE -- ALL MODERN REFRIGERATED SHIPPING CONTAINERS HAVE ONE PER ISO SAFETY STANDARDS,scenarios/tier_2_fracture/IM-0127.md
IM-0128,The Vine Rope,The Wrong Toolbox,2,FRACTURE,KS,Known-Solution,BRAID THREE VINES TOGETHER TO CREATE A ROPE WITH APPROXIMATELY 2.5X THE STRENGTH OF A SINGLE VINE,scenarios/tier_2_fracture/IM-0128.md
IM-0129,The Temperature Tell,The Misdirection,2,FRACTURE,KS,Known-Solution,USE THE THERMOMETER TO MEASURE ROOM TEMPERATURES -- THE WARMEST ROOM WAS RECENTLY OCCUPIED,scenarios/tier_2_fracture/IM-0129.md
IM-0130,The Compost Heater,The Cascade,2,FRACTURE,KS,Known-Solution,BUILD COMPOST HEATING SYSTEM,scenarios/tier_2_fracture/IM-0130.md
IM-0131,The Flag Semaphore,The Babel Problem,2,FRACTURE,KS,Known-Solution,USE FLAG SEMAPHORE COMMUNICATION,scenarios/tier_2_fracture/IM-0131.md
IM-0132,The Honey Antibiotic,The Last Ingredient,2,FRACTURE,KS,Known-Solution,APPLY HONEY AS WOUND DRESSING,scenarios/tier_2_fracture/IM-0132.md
IM-0133,The Grandfather Clause,The Invisible Wall,2,FRACTURE,KS,Known-Solution,INVOKE THE GRANDFATHER CLAUSE,scenarios/tier_2_fracture/IM-0133.md
IM-0134,The Bookshelf Cipher,The Memory Palace,2,FRACTURE,KS,Known-Solution,THE HIDDEN ITEM IS ON THE ROOF,scenarios/tier_2_fracture/IM-0134.md
IM-0135,The Container Escape,The Locked Room,2,FRACTURE,KS,Known-Solution,ESCAPE THROUGH THE PLYWOOD FLOOR,scenarios/tier_2_fracture/IM-0135.md
IM-0136,The Shoe Polish Seal,The Wrong Toolbox,2,FRACTURE,KS,Known-Solution,MELT SHOE POLISH WAX TO SEAL THE CRACK,scenarios/tier_2_fracture/IM-0136.md
IM-0137,The Clock Auction,The Ticking Trade,2,FRACTURE,KS,Known-Solution,NEGOTIATE WITH THE OTHER BIDDER TO SPLIT THE COST AND SHARE THE SUPPLY,scenarios/tier_2_fracture/IM-0137.md
IM-0138,The Crookes Radiometer,The Ghost Machine,2,FRACTURE,KS,Known-Solution,"THE VANES SPIN DUE TO THERMAL TRANSPIRATION (GAS DYNAMICS AT VANE EDGES), NOT PHOTON PRESSURE",scenarios/tier_2_fracture/IM-0138.md
IM-0139,The ADA Override,The Invisible Wall,2,FRACTURE,KS,Known-Solution,FIND THE BUILDING'S SECONDARY ACCESSIBLE ENTRANCE (REQUIRED BY ADA),scenarios/tier_2_fracture/IM-0139.md
IM-0140,The Vine Clock,The Memory Palace,2,FRACTURE,KS,Known-Solution,READ THE YEAR FROM THE IVY PATTERN AND CALCULATE THE BURIAL DEPTH,scenarios/tier_2_fracture/IM-0140.md
IM-0141,The Sand Cement,The Wrong Toolbox,2,FRACTURE,KS,Known-Solution,CREATE A SUGAR-GLASS-AND-SAND COMPOSITE TO FORM TRAIL MARKERS,scenarios/tier_2_fracture/IM-0141.md
IM-0142,The Shadow Message,The Misdirection,2,FRACTURE,KS,Known-Solution,AT NOON THE TOWER HAS NO SHADOW -- LOOK DIRECTLY AT THE BASE OF THE TOWER,scenarios/tier_2_fracture/IM-0142.md
IM-0143,The Star Navigation,The Babel Problem,2,FRACTURE,KS,Known-Solution,BOTH GROUPS WALK TOWARD POLARIS (THE NORTH STAR). WALKING TOWARD THE SAME FIXED POINT GUARANTEES CONVERGENCE.,scenarios/tier_2_fracture/IM-0143.md
IM-0144,The Surface Skater,The Lilliput Conundrum,2,FRACTURE,KS,Known-Solution,"WALK ON WATER USING SURFACE TENSION. AT 1CM BODY SIZE AND 0.1G MASS, SURFACE TENSION FORCE EXCEEDS GRAVITY BY A FACTOR OF 6X.",scenarios/tier_2_fracture/IM-0144.md
IM-0145,The Well Escape,The Locked Room,2,FRACTURE,KS,Known-Solution,CHIMNEY-CLIMB OUT OF THE WELL. THE 1-METER DIAMETER IS IDEAL FOR CHIMNEY CLIMBING TECHNIQUE.,scenarios/tier_2_fracture/IM-0145.md
IM-0146,The Compass Rose,The Locked Room,2,FRACTURE,KS,Known-Solution,OPEN THE SOUTH-FACING DOOR,scenarios/tier_2_fracture/IM-0146.md
IM-0147,The Gas Gradient,The Misdirection,2,FRACTURE,KS,Known-Solution,EVACUATE THE BASEMENT -- THE LEAK SOURCE IS THERE,scenarios/tier_2_fracture/IM-0147.md
IM-0148,The Bridge of Boats,The Cascade,2,FRACTURE,KS,Known-Solution,"SEQUENCE: ANCHOR B FIRST, THEN POSITION A ALONGSIDE, THEN USE C AS A SHUTTLE",scenarios/tier_2_fracture/IM-0148.md
IM-0149,The Paramecium's Hunt,The Lilliput Conundrum,2,FRACTURE,KS,Known-Solution,CHEMOTAXIS VIA BIASED RANDOM WALK (RUN-AND-TUMBLE),scenarios/tier_2_fracture/IM-0149.md
IM-0150,The Dandelion Insulation,The Last Ingredient,2,FRACTURE,KS,Known-Solution,STUFF GARBAGE BAGS WITH DANDELION FLUFF TO CREATE IMPROVISED INSULATION PANELS,scenarios/tier_2_fracture/IM-0150.md
IM-0151,The Toll Bridge,The Invisible Wall,2,FRACTURE,PX,Paradox,IMPOSSIBLE TO CROSS ALONE WITHOUT EXTERNAL HELP. THE CORRECT ACTION IS TO SEEK ASSISTANCE.,scenarios/tier_2_fracture/IM-0151.md
IM-0152,The Grass Rope,The Wrong Toolbox,2,FRACTURE,KS,Known-Solution,TWIST GRASS INTO TWO-PLY REVERSE-TWIST CORDAGE,scenarios/tier_2_fracture/IM-0152.md
IM-0153,The UV Warning,The Misdirection,2,FRACTURE,KS,Known-Solution,"THE UV FLUORESCENCE EXTENDS FAR BEYOND THE ACTUAL SPILL. USE VISIBLE-LIGHT INSPECTION, NOT UV, TO DETERMINE THE TRUE SPILL BOUNDARY.",scenarios/tier_2_fracture/IM-0153.md
IM-0154,The Irrigation Cascade,The Cascade,2,FRACTURE,KS,Known-Solution,"CLEAR BLOCKAGE FIRST, THEN PUMP STABILIZES, THEN FIX TIMER",scenarios/tier_2_fracture/IM-0154.md
IM-0155,The Spore Cannon,The Lilliput Conundrum,2,FRACTURE,KS,Known-Solution,USE OSMOTIC PRESSURE (TURGOR PRESSURE RUPTURE) TO LAUNCH THE SPORE,scenarios/tier_2_fracture/IM-0155.md
IM-0156,The Diplomat's Dilemma,The Ticking Trade,2,FRACTURE,KS,Known-Solution,PROPOSE JOINT ADMINISTRATION (REJECT THE FALSE DICHOTOMY),scenarios/tier_2_fracture/IM-0156.md
IM-0157,The Lobby Paradox,The Invisible Wall,2,FRACTURE,MT,Metamorphic,HAVE THE PERSON YOU ARE MEETING COME TO THE LOBBY,scenarios/tier_2_fracture/IM-0157.md
IM-0158,The Sand Timer,The Memory Palace,2,FRACTURE,KS,Known-Solution,START THE 3-MINUTE AND 7-MINUTE HOURGLASSES SIMULTANEOUSLY; START THE 5-MINUTE WHEN THE 3 FINISHES; DOOR OPENS WHEN 7-MINUTE AND 5-MINUTE BOTH FINISH (SUMS TO 3+7=10... SEE BELOW),scenarios/tier_2_fracture/IM-0158.md
IM-0159,The Sap Glue,The Wrong Toolbox,2,FRACTURE,KS,Known-Solution,MAKE PINE PITCH ADHESIVE FROM RESIN AND CHARCOAL,scenarios/tier_2_fracture/IM-0159.md
IM-0160,The Trail Bias,The Misdirection,2,FRACTURE,KS,Known-Solution,"TAKE THE FAINT LEFT PATH (THE HUMAN TRAIL), NOT THE WELL-WORN RIGHT PATH (THE GAME TRAIL)",scenarios/tier_2_fracture/IM-0160.md
IM-0161,The Smoke Relay,The Babel Problem,2,FRACTURE,KS,Known-Solution,RELAY SMOKE SIGNALS THROUGH INTERMEDIATE CAMPS,scenarios/tier_2_fracture/IM-0161.md
IM-0162,The Weather Signal,The Babel Problem,2,FRACTURE,KS,Known-Solution,FLY INTERNATIONAL STORM WARNING FLAGS AND SOUND HORN BLASTS TO WARN THE VILLAGE,scenarios/tier_2_fracture/IM-0162.md
IM-0163,The Solar Still,The Ghost Machine,2,FRACTURE,KS,Known-Solution,"THE CONTAINER IS A SOLAR STILL -- SUNLIGHT EVAPORATES MOISTURE FROM THE SOIL INSIDE, WHICH CONDENSES ON THE GLASS AND DRIPS INTO A COLLECTION AREA. THE WATER WAS ALWAYS IN THE SOIL.",scenarios/tier_2_fracture/IM-0163.md
IM-0164,The Footprint Code,The Memory Palace,2,FRACTURE,KS,Known-Solution,"READ THE PHYSICAL EVIDENCE IN THE FOOTPRINTS -- DEPTH REVEALS WEIGHT, SPACING REVEALS SPEED, TOE-DIG REVEALS GAIT, SCUFF MARKS REVEAL STRUGGLE. RECONSTRUCT THE SEQUENCE OF EVENTS FROM THE PHYSICS OF IMPRESSION FORMATION.",scenarios/tier_2_fracture/IM-0164.md
IM-0165,The Tunnel Vision,The Locked Room,2,FRACTURE,KS,Known-Solution,WALK ON THE EMERGENCY WALKWAY (NARROW CONCRETE LEDGE ON THE EAST WALL) ON THE OPPOSITE SIDE FROM THE ELECTRIFIED THIRD RAIL,scenarios/tier_2_fracture/IM-0165.md
IM-0166,The Runaway Bus,The Ticking Trade,2,FRACTURE,KS,Known-Solution,SHIFT TO LOWEST GEAR FOR ENGINE BRAKING AND ENGAGE THE PARKING BRAKE -- TWO INDEPENDENT BRAKING SYSTEMS EXIST BEYOND THE FAILED HYDRAULIC BRAKES,scenarios/tier_2_fracture/IM-0166.md
IM-0167,The Printer Paradox,The Invisible Wall,2,FRACTURE,DG,Degenerate,FILL OUT THE PAPER FORM ON THE DESK AND DROP IT IN THE SUBMISSION BOX IN THE HALLWAY,scenarios/tier_2_fracture/IM-0167.md
IM-0168,The Leather Belt Bridge,The Wrong Toolbox,2,FRACTURE,KS,Known-Solution,"BUCKLE THE FIVE BELTS END-TO-END TO CREATE A 5.5M TENSION MEMBER, LOOP IT AROUND AN ANCHOR, AND TYROLEAN TRAVERSE ACROSS THE 3M CREVICE",scenarios/tier_2_fracture/IM-0168.md
IM-0169,The Refraction Rescue,The Misdirection,2,FRACTURE,KS,Known-Solution,AIM BELOW WHERE YOU SEE THE FISH -- LIGHT REFRACTION MAKES SUBMERGED OBJECTS APPEAR SHALLOWER AND SHIFTED TOWARD THE SURFACE,scenarios/tier_2_fracture/IM-0169.md
IM-0170,The Cistern Trap,The Locked Room,2,FRACTURE,KS,Known-Solution,ESCAPE BY FLOATING TO THE GRATE ON SEALED BARRELS,scenarios/tier_2_fracture/IM-0170.md
IM-0171,The Bone Needle,The Wrong Toolbox,2,FRACTURE,KS,Known-Solution,MAKE A NEEDLE FROM A FISH BONE AND USE SINEW AS THREAD,scenarios/tier_2_fracture/IM-0171.md
IM-0172,The Thermal Stack,The Cascade,2,FRACTURE,KS,Known-Solution,OPEN WINDOWS ON THE GROUND FLOOR TO RELEASE EXCESS HEAT AT THE SOURCE,scenarios/tier_2_fracture/IM-0172.md
IM-0173,The Clay Pot Cooler,The Last Ingredient,2,FRACTURE,KS,Known-Solution,BUILD A ZEER POT (POT-IN-POT COOLER) USING EVAPORATIVE COOLING,scenarios/tier_2_fracture/IM-0173.md
IM-0174,The Pipe Chase,The Locked Room,2,FRACTURE,KS,Known-Solution,REMOVE THE PIPE CHASE ACCESS PANEL AND CLIMB THROUGH THE VERTICAL SHAFT TO THE NEXT FLOOR,scenarios/tier_2_fracture/IM-0174.md
IM-0175,The Sand Drawing,The Babel Problem,2,FRACTURE,KS,Known-Solution,DRAW PICTOGRAPHIC MESSAGES IN THE SAND,scenarios/tier_2_fracture/IM-0175.md
IM-0176,The Moss Code,The Memory Palace,2,FRACTURE,KS,Known-Solution,"THE TREE WITH SOUTH-SIDE MOSS IS THE MARKER -- THE ROCK CREATING SHADE ANOMALY IS A HUMAN PLACEMENT, AND A CAIRN AT ITS BASE CONTAINS THE CACHE",scenarios/tier_2_fracture/IM-0176.md
IM-0177,The Nutrient Cascade,The Cascade,2,FRACTURE,KS,Known-Solution,LOWER pH FIRST -- THIS SIMULTANEOUSLY FIXES CALCIUM AVAILABILITY AND REDUCES MAGNESIUM EXCESS,scenarios/tier_2_fracture/IM-0177.md
IM-0178,The Ice Lens,The Lilliput Conundrum,2,FRACTURE,KS,Known-Solution,CARVE A CONVEX LENS FROM CLEAR ICE AND USE IT TO FOCUS SUNLIGHT ONTO TINDER TO START A FIRE,scenarios/tier_2_fracture/IM-0178.md
IM-0179,The Inheritance Lock,The Ticking Trade,2,FRACTURE,KS,Known-Solution,IDENTIFY THE MATHEMATICAL PATTERN IN THE FIRST 4 DIGITS AND EXTRAPOLATE THE REMAINING 2 DIGITS,scenarios/tier_2_fracture/IM-0179.md
IM-0180,The Bernoulli Lifter,The Ghost Machine,2,FRACTURE,KS,Known-Solution,"BERNOULLI'S PRINCIPLE -- THE FAST-MOVING AIR BETWEEN THE DISCS HAS LOWER PRESSURE THAN THE SURROUNDING STILL AIR, CREATING A NET INWARD FORCE THAT PULLS THE DISCS TOGETHER",scenarios/tier_2_fracture/IM-0180.md
IM-0181,The Neighbor's Key,The Invisible Wall,2,FRACTURE,KS,Known-Solution,USE THE 2CM-OPEN BATHROOM WINDOW OR RETRIEVE THE SPARE KEY FROM THE PLANT-WATERING NEIGHBOR,scenarios/tier_2_fracture/IM-0181.md
IM-0182,The Sphagnum Wound,The Last Ingredient,2,FRACTURE,KS,Known-Solution,APPLY SPHAGNUM MOSS AS A WOUND DRESSING,scenarios/tier_2_fracture/IM-0182.md
IM-0183,The Wax Tablet,The Memory Palace,2,FRACTURE,KS,Known-Solution,REMOVE THE REMAINING WAX TO REVEAL TEXT IMPRESSED IN THE WOODEN BACKING,scenarios/tier_2_fracture/IM-0183.md
IM-0184,The Afterimage,The Misdirection,2,FRACTURE,KS,Known-Solution,THE CAR WAS WHITE -- THE WITNESS SAW A RED AFTERIMAGE FROM STARING AT THE GREEN TRAFFIC LIGHT,scenarios/tier_2_fracture/IM-0184.md
IM-0185,The Tidal Cascade,The Cascade,2,FRACTURE,KS,Known-Solution,CLEAR THE OUTFLOW CHANNEL FIRST,scenarios/tier_2_fracture/IM-0185.md
IM-0186,The Cattail Rope,The Wrong Toolbox,2,FRACTURE,KS,Known-Solution,MAKE CORDAGE FROM CATTAIL LEAVES USING THE REVERSE-TWIST TECHNIQUE,scenarios/tier_2_fracture/IM-0186.md
IM-0187,The Mooring Cascade,The Cascade,2,FRACTURE,KS,Known-Solution,"ADJUST THE SPRING LINE FIRST TO CONTROL SURGE, THEN RE-TENSION BOW AND STERN LINES",scenarios/tier_2_fracture/IM-0187.md
IM-0188,The Color Code,The Babel Problem,2,FRACTURE,KS,Known-Solution,USE THE VISIBLE LIGHT SPECTRUM AS A UNIVERSAL ORDINAL REFERENCE TO MAP COLORS TO DIGITS,scenarios/tier_2_fracture/IM-0188.md
IM-0189,The Termite Mound,The Lilliput Conundrum,2,FRACTURE,KS,Known-Solution,"BUILD A TERMITE-MOUND-INSPIRED STRUCTURE WITH THICK THERMAL-MASS WALLS, ORIENTED CHIMNEY, AND POROUS VENTILATION",scenarios/tier_2_fracture/IM-0189.md
IM-0190,The Heliograph,The Babel Problem,2,FRACTURE,KS,Known-Solution,USE HELIOGRAPH SIGNALING -- AIM MIRROR TO FLASH SUNLIGHT AT THE OTHER PEAK AND USE HAND-SHUTTER FOR MORSE CODE,scenarios/tier_2_fracture/IM-0190.md
IM-0191,The Jury Rig,The Ticking Trade,2,FRACTURE,KS,Known-Solution,BUILD A JURY RIG -- AN EMERGENCY MAST FROM BOOM AND SPINNAKER POLE WITH STORM JIB AS SAIL,scenarios/tier_2_fracture/IM-0191.md
IM-0192,The Thermosiphon,The Ghost Machine,2,FRACTURE,KS,Known-Solution,THERMOSIPHON -- NATURAL CIRCULATION DRIVEN BY DENSITY DIFFERENCE BETWEEN HOT AND COLD WATER IN A CLOSED LOOP,scenarios/tier_2_fracture/IM-0192.md
IM-0193,The Yarrow Styptic,The Last Ingredient,2,FRACTURE,KS,Known-Solution,APPLY CRUSHED FRESH YARROW (ACHILLEA MILLEFOLIUM) LEAVES DIRECTLY TO THE BLEEDING SITE AS A HEMOSTATIC COMPRESS,scenarios/tier_2_fracture/IM-0193.md
IM-0194,The Cargo Door,The Invisible Wall,2,FRACTURE,KS,Known-Solution,"EXIT DOWNWARD THROUGH THE BILGE ACCESS HATCH INTO THE BILGE SPACE, THEN FORWARD OR AFT TO THE ENGINE ROOM",scenarios/tier_2_fracture/IM-0194.md
IM-0195,The Smoke Ring,The Memory Palace,2,FRACTURE,KS,Known-Solution,"COUNT THE NUMBER OF SMOKE RINGS IN EACH SEQUENCE -- EACH COUNT MAPS TO A LETTER (1=A, 2=B, ETC.). PAUSES MARK WORD BREAKS.",scenarios/tier_2_fracture/IM-0195.md
IM-0196,The Porthole Dive,The Locked Room,2,FRACTURE,KS,Known-Solution,"OPEN THE PORTHOLE TO EQUALIZE PRESSURE, THEN OPEN THE JAMMED DOOR",scenarios/tier_2_fracture/IM-0196.md
IM-0197,The Ventriloquist Effect,The Misdirection,2,FRACTURE,KS,Known-Solution,"THE ALARM SOURCE IS IN THE WEST CORRIDOR, NOT THE EAST -- SOUND IS REFLECTING OFF THE EAST WALL",scenarios/tier_2_fracture/IM-0197.md
IM-0198,The Conveyor Cascade,The Cascade,2,FRACTURE,KS,Known-Solution,"CLEAR THE REJECT BIN FIRST, THEN RESET SENSORS, THEN FIX BELT TENSION -- WORK FROM DOWNSTREAM BACKWARD",scenarios/tier_2_fracture/IM-0198.md
IM-0199,The Power Play,The Ticking Trade,2,FRACTURE,PX,Paradox,THIS TASK IS PHYSICALLY IMPOSSIBLE. DEMAND (100 kW) EXCEEDS SUPPLY (80 kW). PROVE IMPOSSIBILITY AND IDENTIFY THE FORCED CHOICE.,scenarios/tier_2_fracture/IM-0199.md
IM-0200,The Stirling Cooler,The Ghost Machine,2,FRACTURE,KS,Known-Solution,"RADIATIVE COOLING -- THE CYLINDER RADIATES INFRARED ENERGY TO THE COLD SKY, DROPPING BELOW AIR TEMPERATURE AND DEW POINT",scenarios/tier_2_fracture/IM-0200.md
IM-0201,The Acorn Flour,The Last Ingredient,2,FRACTURE,KS,Known-Solution,LEACH TANNINS FROM ACORNS BY SOAKING IN RUNNING WATER -- PROCESSED ACORN FLOUR IS NUTRITIOUS AND EDIBLE,scenarios/tier_2_fracture/IM-0201.md
IM-0202,The Corn Husk Rope,The Wrong Toolbox,2,FRACTURE,KS,Known-Solution,"MAKE CORDAGE FROM MOISTENED, TWISTED CORN HUSKS",scenarios/tier_2_fracture/IM-0202.md
IM-0203,The Color Blindness,The Misdirection,2,FRACTURE,KS,Known-Solution,USE WIRE POSITION OR A MULTIMETER INSTEAD OF COLOR,scenarios/tier_2_fracture/IM-0203.md
IM-0204,The Mold Garden,The Lilliput Conundrum,2,FRACTURE,KS,Known-Solution,GROW HYPHAE ALONG THE AIR-WATER INTERFACE FOR SIMULTANEOUS MOISTURE AND GAS EXCHANGE,scenarios/tier_2_fracture/IM-0204.md
IM-0205,The Nettle Fiber,The Last Ingredient,2,FRACTURE,KS,Known-Solution,PROCESS STINGING NETTLES INTO BAST FIBER FOR TEXTILE BANDAGES,scenarios/tier_2_fracture/IM-0205.md
IM-0206,The Terms of Service,The Invisible Wall,2,FRACTURE,MT,Metamorphic,BYPASS THE APP ENTIRELY -- USE THE SYSTEM'S MANUAL/PHYSICAL OVERRIDE OR ALTERNATIVE INTERFACE,scenarios/tier_2_fracture/IM-0206.md
IM-0207,The Salt Map,The Memory Palace,2,FRACTURE,KS,Known-Solution,READ THE SALT DEPOSIT LINES AS A FLOOD HISTORY RECORD TO PREDICT CURRENT FLOOD RISK,scenarios/tier_2_fracture/IM-0207.md
IM-0208,The Dumbwaiter,The Locked Room,2,FRACTURE,KS,Known-Solution,USE THE DUMBWAITER'S ROPE-AND-PULLEY SYSTEM TO RAPPEL DOWN THE SHAFT,scenarios/tier_2_fracture/IM-0208.md
IM-0209,The Wave Pattern,The Babel Problem,2,FRACTURE,KS,Known-Solution,"ALTER COURSE TO CREATE DELIBERATE, NON-NATURAL WAKE PATTERNS THAT THE OTHER BOAT CAN VISUALLY INTERPRET",scenarios/tier_2_fracture/IM-0209.md
IM-0210,The Blind Alley,The Misdirection,2,FRACTURE,KS,Known-Solution,PULL DOWN THE FIRE ESCAPE LADDER,scenarios/tier_2_fracture/IM-0210.md
IM-0211,The Grease Trap,The Cascade,2,FRACTURE,KS,Known-Solution,"CLEAN GREASE TRAP FIRST, THEN HOOD FILTER, THEN RELIGHT PILOT",scenarios/tier_2_fracture/IM-0211.md
IM-0212,The Spiderweb Lens,The Lilliput Conundrum,2,FRACTURE,KS,Known-Solution,USE SPIDERWEB SILK TO HARVEST DEW FROM FOG/AIR,scenarios/tier_2_fracture/IM-0212.md
IM-0213,The Maintenance Shaft,The Locked Room,2,FRACTURE,KS,Known-Solution,DESCEND THROUGH THE CABLE SHAFT INTO THE ELEVATOR SHAFT,scenarios/tier_2_fracture/IM-0213.md
IM-0214,The Mud Brick Oven,The Wrong Toolbox,2,FRACTURE,KS,Known-Solution,BUILD A MUD OVEN FOR DRY HEAT STERILIZATION,scenarios/tier_2_fracture/IM-0214.md
IM-0215,The Xylem Highway,The Lilliput Conundrum,2,FRACTURE,KS,Known-Solution,COHESION-TENSION MECHANISM -- TRANSPIRATION PULLS A CONTINUOUS WATER COLUMN UPWARD VIA HYDROGEN BONDING,scenarios/tier_2_fracture/IM-0215.md
IM-0216,The Information Cascade,The Ticking Trade,2,FRACTURE,MT,Metamorphic,IGNORE ADVISOR C ENTIRELY -- ONLY TWO INDEPENDENT DATA POINTS EXIST,scenarios/tier_2_fracture/IM-0216.md
IM-0217,The Singing Sand,The Ghost Machine,2,FRACTURE,KS,Known-Solution,"SYNCHRONIZED GRAIN VIBRATIONS CREATE COHERENT ACOUSTIC SIGNAL, AMPLIFIED BY DUNE BODY RESONANCE",scenarios/tier_2_fracture/IM-0217.md
IM-0218,The Liquidity Trap,The Locked Room,2,FRACTURE,KS,Known-Solution,BUY CREDIT DEFAULT SWAPS INSTEAD OF SELLING BONDS,scenarios/tier_2_fracture/IM-0218.md
IM-0219,The Ghost Dividend,The Ghost Machine,2,FRACTURE,KS,Known-Solution,THE STOCK PRICE RISE IS DRIVEN BY MASSIVE SHARE BUYBACKS REDUCING THE SHARE COUNT,scenarios/tier_2_fracture/IM-0219.md
IM-0220,The Inventory Paradox,The Wrong Toolbox,2,FRACTURE,KS,Known-Solution,"USE THE TAX SYSTEM AS THE DISPOSAL CHANNEL, NOT THE RETAIL SYSTEM",scenarios/tier_2_fracture/IM-0220.md
IM-0221,The Bank Run Paradox,The Cascade,2,FRACTURE,KS,Known-Solution,"DEPLOY A CONFIDENCE SHOCK — AN INFORMATIONAL INTERVENTION, NOT A CAPITAL INTERVENTION",scenarios/tier_2_fracture/IM-0221.md
IM-0222,The Tax Impossibility,The Invisible Wall,2,FRACTURE,MT,Metamorphic,THE 90% TAX RATE IS AN ARTIFACT OF TRIPLE-COUNTING; RESTRUCTURE INCOME ALLOCATION USING TRANSFER PRICING AND PERMANENT ESTABLISHMENT RULES,scenarios/tier_2_fracture/IM-0222.md
IM-0223,The Platform Trap,The Locked Room,2,FRACTURE,KS,Known-Solution,BUILD A DIRECT CUSTOMER CHANNEL — ESCAPE THE LOCKED ROOM BY BUILDING YOUR OWN DOOR,scenarios/tier_2_fracture/IM-0223.md
IM-0224,The Talent Drain,The Cascade,2,FRACTURE,KS,Known-Solution,"CAPTURE KNOWLEDGE, NOT HEADCOUNT",scenarios/tier_2_fracture/IM-0224.md
IM-0225,The Two-Sided Market,The Babel Problem,2,FRACTURE,KS,Known-Solution,"SUBSIDIZE ONE SIDE TO BOOTSTRAP THE MARKET, THEN REDUCE SUBSIDIES AS NETWORK EFFECTS TAKE HOLD",scenarios/tier_2_fracture/IM-0225.md
IM-0226,The Gravity Cage,The Locked Room,3,RUPTURE,PX,Paradox,DIE (with proof of impossibility),scenarios/tier_3_rupture/IM-0226.md
IM-0227,The Shifting Room,The Locked Room,3,RUPTURE,MT,Metamorphic,LIVE (but not through the door),scenarios/tier_3_rupture/IM-0227.md
IM-0228,The Ice Plug,The Wrong Toolbox,3,RUPTURE,KS,Known-Solution,STOP THE LEAK,scenarios/tier_3_rupture/IM-0228.md
IM-0229,The Antifreeze Mirage,The Misdirection,3,RUPTURE,KS,Known-Solution,STAY WITH THE CAR,scenarios/tier_3_rupture/IM-0229.md
IM-0230,The Triple Failure,The Cascade,3,RUPTURE,CT,Contested,SURVIVE / REACH SHORE,scenarios/tier_3_rupture/IM-0230.md
IM-0231,The Silent Trade,The Babel Problem,3,RUPTURE,CT,Contested,UNANIMOUS AGREEMENT ON A NUMBER (1-100),scenarios/tier_3_rupture/IM-0231.md
IM-0232,The Backburn,The Ticking Trade,3,RUPTURE,KS,Known-Solution,SURVIVE,scenarios/tier_3_rupture/IM-0232.md
IM-0233,The Countertop Crossing,The Lilliput Conundrum,3,RUPTURE,KS,Known-Solution,CROSS,scenarios/tier_3_rupture/IM-0233.md
IM-0234,The Water Battery,The Ghost Machine,3,RUPTURE,PX,Paradox,PROVE-IMPOSSIBLE,scenarios/tier_3_rupture/IM-0234.md
IM-0235,The Bureaucracy Maze,The Invisible Wall,3,RUPTURE,MT,Metamorphic,ACCESS GRANTED (via emergency protocol override),scenarios/tier_3_rupture/IM-0235.md
IM-0236,The Sound Map,The Memory Palace,3,RUPTURE,KS,Known-Solution,"ESCAPE (navigate to the clicking sound, locate raised floor panel, exit through sub-floor hatch)",scenarios/tier_3_rupture/IM-0236.md
IM-0237,The Ant's Cathedral,The Lilliput Conundrum,3,RUPTURE,KS,Known-Solution,USE A GRAIN OF SALT TO BREAK SURFACE TENSION AND CREATE A DRY PATH ACROSS THE WATER FILM; USE A TOOTHPICK AS A BRIDGE WHERE SALT CANNOT REACH,scenarios/tier_3_rupture/IM-0237.md
IM-0238,The Gravity Well,The Locked Room,3,RUPTURE,KS,Known-Solution,TAPE BOTTLES TOGETHER TO BUILD A SPIRAL STAIRCASE STRUCTURE WEDGED AGAINST THE SILO WALLS,scenarios/tier_3_rupture/IM-0238.md
IM-0239,The Domino Surgeon,The Cascade,3,RUPTURE,CT,Contested,SEQUENTIAL PARTIAL TREATMENT WITH METABOLIC WINDOW EXPLOITATION,scenarios/tier_3_rupture/IM-0239.md
IM-0240,The Burning Deck,The Ticking Trade,3,RUPTURE,KS,Known-Solution,"USE THE BALLAST SYSTEM TO LIST THE SHIP, DIRECTING THE FIRE OVERBOARD",scenarios/tier_3_rupture/IM-0240.md
IM-0241,The Perpetual Fountain,The Ghost Machine,3,RUPTURE,PX,Paradox,PROVE IMPOSSIBILITY BY ENERGY BUDGET ANALYSIS -- IDENTIFY MINIMUM POWER REQUIREMENT AND SHOW NO VISIBLE SOURCE MEETS IT,scenarios/tier_3_rupture/IM-0241.md
IM-0242,The Ice Forge,The Last Ingredient,3,RUPTURE,KS,Known-Solution,CREATE PYKRETE (FROZEN WATER-FIBER COMPOSITE) FROM TORN FABRIC AND WATER TO BRACE THE MINE SHAFT,scenarios/tier_3_rupture/IM-0242.md
IM-0243,The Cipher Garden,The Memory Palace,3,RUPTURE,KS,Known-Solution,READ THE NUMBER OF STONES IN EACH GROUP IN THE GARDEN'S INTENDED VIEWING ORDER USING TRADITIONAL JAPANESE GARDEN NUMEROLOGY (3-5-7 ARRANGEMENTS),scenarios/tier_3_rupture/IM-0243.md
IM-0244,The Thread Bridge,The Wrong Toolbox,3,RUPTURE,KS,Known-Solution,WIND 200+ PARALLEL THREADS ACROSS THE GAP TO CREATE A LOAD-BEARING WEB,scenarios/tier_3_rupture/IM-0244.md
IM-0245,The Drum Talk,The Babel Problem,3,RUPTURE,KS,Known-Solution,USE RHYTHMIC BEATS MAPPED TO CLOCK NUMBERS AS A SHARED REFERENCE TO COORDINATE ACTIONS,scenarios/tier_3_rupture/IM-0245.md
IM-0246,The Honor System,The Invisible Wall,3,RUPTURE,MT,Metamorphic,"WALK OUT THE DOOR -- THE ""CONSTRAINT"" IS A SIGN, NOT A PHYSICAL BARRIER",scenarios/tier_3_rupture/IM-0246.md
IM-0247,The Oasis Effect,The Misdirection,3,RUPTURE,KS,Known-Solution,IGNORE THE APPARENT OASIS (TOXIC OLEANDER ON A SALT FLAT MIRAGE) AND DIG FOR GROUNDWATER IN THE DRY STREAMBED 200M AWAY,scenarios/tier_3_rupture/IM-0247.md
IM-0248,The Rust Cascade,The Cascade,3,RUPTURE,KS,Known-Solution,"TEMPORARILY REINFORCE MEMBER C, THEN REPAIR A, THEN B, THEN C",scenarios/tier_3_rupture/IM-0248.md
IM-0249,The Dust Mite's Dilemma,The Lilliput Conundrum,3,RUPTURE,CT,Contested,CONTESTED -- both humidity-gradient and chemical-trail navigation strategies have supporting evidence; neither is definitively superior,scenarios/tier_3_rupture/IM-0249.md
IM-0250,The Knot Language,The Memory Palace,3,RUPTURE,KS,Known-Solution,"The message encodes the number 1,327 and the category ""LIVESTOCK""",scenarios/tier_3_rupture/IM-0250.md
IM-0251,The Blind Spot,The Misdirection,3,RUPTURE,KS,Known-Solution,MOVE BELOW THE MOTION DETECTION THRESHOLD (< 2 CM/SEC) TO REMAIN INVISIBLE TO THE CAMERA SYSTEM,scenarios/tier_3_rupture/IM-0251.md
IM-0252,The Seawater Cell,The Last Ingredient,3,RUPTURE,KS,Known-Solution,USE GRAVITY-DRIVEN REVERSE OSMOSIS BY RUNNING A TUBE FROM A HIGH-ELEVATION RESERVOIR DOWN 300M THROUGH THE RO MEMBRANE,scenarios/tier_3_rupture/IM-0252.md
IM-0253,The Storm Cellar,The Locked Room,3,RUPTURE,PX,Paradox,IMPOSSIBLE -- ESCAPE IS NOT PHYSICALLY ACHIEVABLE WITH THE AVAILABLE MATERIALS AND CONSTRAINTS,scenarios/tier_3_rupture/IM-0253.md
IM-0254,The Silk Rope,The Wrong Toolbox,3,RUPTURE,KS,Known-Solution,"TWIST AND BRAID THE SILK SCARVES INTO A ROPE CAPABLE OF SUPPORTING BODY WEIGHT, THEN DESCEND 10M",scenarios/tier_3_rupture/IM-0254.md
IM-0255,The Surgeon's Choice,The Ticking Trade,3,RUPTURE,MT,Metamorphic,TELEMEDICINE CONSULTATION -- SPECIALIST GUIDES LOCAL SURGEON REMOTELY,scenarios/tier_3_rupture/IM-0255.md
IM-0256,The Gravity Lamp,The Ghost Machine,3,RUPTURE,KS,Known-Solution,THE MARBLE PEDESTAL CONTAINS A STIRLING ENGINE POWERED BY THE ROOM-TO-MARBLE TEMPERATURE DIFFERENTIAL,scenarios/tier_3_rupture/IM-0256.md
IM-0257,The Waiting Room,The Invisible Wall,3,RUPTURE,KS,Known-Solution,PULL THE FIRE ALARM TO TRIGGER AUTOMATIC DOOR RELEASE PER FIRE CODE,scenarios/tier_3_rupture/IM-0257.md
IM-0258,The Braille Map,The Babel Problem,3,RUPTURE,KS,Known-Solution,USE CLOCK-POSITION DIRECTIONS AND STEP COUNTING TO CREATE A SHARED SPATIAL REFERENCE FRAME,scenarios/tier_3_rupture/IM-0258.md
IM-0259,The Bacterium's Bridge,The Lilliput Conundrum,3,RUPTURE,KS,Known-Solution,USE CHEMOTAXIS TO PROVIDE DIRECTIONALITY ON TOP OF BROWNIAN MOTION FOR NET DISPLACEMENT ACROSS THE GAP,scenarios/tier_3_rupture/IM-0259.md
IM-0260,The Domino Bridge,The Cascade,3,RUPTURE,KS,Known-Solution,"REINFORCE SUPPORT C (CABLE ANCHORS) FIRST, THEN BRACE SUPPORT B, THEN REPAIR SUPPORT A UNDER REDUCED LOAD",scenarios/tier_3_rupture/IM-0260.md
IM-0261,The Double Bind,The Ticking Trade,3,RUPTURE,KS,Known-Solution,EVACUATE THE CHILDREN -- THE BLUEPRINTS EXIST DIGITALLY AT CITY HALL AND ARE NOT TRULY UNIQUE,scenarios/tier_3_rupture/IM-0261.md
IM-0262,The Sewer Escape,The Locked Room,3,RUPTURE,KS,Known-Solution,"USE THE TIRE AS A FLOTATION DEVICE -- AS THE WATER RISES, IT LIFTS YOU TO THE LEVEL OF THE GRATE, WHERE YOU CAN PUSH IT OPEN FROM BELOW WITH THE RISING FLOOD PRESSURE ASSISTING",scenarios/tier_3_rupture/IM-0262.md
IM-0263,The Fabric Boat,The Wrong Toolbox,3,RUPTURE,KS,Known-Solution,"CONSTRUCT A CORACLE -- BEND WOODEN POLES INTO A CIRCULAR FRAME, STRETCH THE CANVAS TARP OVER IT, AND TIE TIGHTLY TO CREATE A WATERPROOF BOWL-SHAPED BOAT",scenarios/tier_3_rupture/IM-0263.md
IM-0264,The Decibel Trap,The Misdirection,3,RUPTURE,KS,Known-Solution,"STUFF COTTON BALLS INTO SHOES FOR SOUND DAMPENING AND MOVE ALONG THE WEST WALL TO MAXIMIZE DISTANCE FROM THE EAST-WALL MICROPHONE, EXPLOITING THE INVERSE SQUARE LAW",scenarios/tier_3_rupture/IM-0264.md
IM-0265,The Shadow Clock,The Babel Problem,3,RUPTURE,KS,Known-Solution,USE SHADOW LENGTH AS A SHARED SOLAR CLOCK,scenarios/tier_3_rupture/IM-0265.md
IM-0266,The Drinking Bird,The Ghost Machine,3,RUPTURE,KS,Known-Solution,"IT IS A HEAT ENGINE POWERED BY AMBIENT THERMAL ENERGY AND EVAPORATIVE COOLING, NOT A PERPETUAL MOTION MACHINE",scenarios/tier_3_rupture/IM-0266.md
IM-0267,The Bureaucratic Fire,The Invisible Wall,3,RUPTURE,PX,Paradox,THE PROTOCOL CANNOT BE COMPLETED AS SPECIFIED -- DECLARE A PROTOCOL OVERRIDE,scenarios/tier_3_rupture/IM-0267.md
IM-0268,The Pendulum Cipher,The Memory Palace,3,RUPTURE,KS,Known-Solution,DECODE THE PENDULUM LENGTH VARIATIONS AS A MESSAGE USING PERIOD-TO-LETTER MAPPING,scenarios/tier_3_rupture/IM-0268.md
IM-0269,The Water Bear's Refuge,The Lilliput Conundrum,3,RUPTURE,KS,Known-Solution,ENTER CRYPTOBIOSIS VIA TUN FORMATION -- REPLACE CELLULAR WATER WITH TREHALOSE AND CURL INTO A DESICCATION-RESISTANT BALL,scenarios/tier_3_rupture/IM-0269.md
IM-0270,The Amoeba's Fortress,The Lilliput Conundrum,3,RUPTURE,KS,Known-Solution,CONSTRUCT A TEST (SHELL) FROM GATHERED MINERAL PARTICLES BOUND WITH SECRETED MUCOPOLYSACCHARIDE CEMENT,scenarios/tier_3_rupture/IM-0270.md
IM-0271,The Root Cellar,The Locked Room,3,RUPTURE,KS,Known-Solution,DIG THROUGH THE SOIL WALL TO ESCAPE AT GROUND LEVEL,scenarios/tier_3_rupture/IM-0271.md
IM-0272,The Kelp Bridge,The Wrong Toolbox,3,RUPTURE,KS,Known-Solution,LASH DRIFTWOOD LOGS TOGETHER WITH BRAIDED KELP TO CREATE A PONTOON BRIDGE,scenarios/tier_3_rupture/IM-0272.md
IM-0273,The Harmonic Bridge,The Cascade,3,RUPTURE,KS,Known-Solution,"STOP PEDESTRIANS FIRST (REMOVE DRIVING FORCE), THEN ADD DAMPING (REDUCE RESIDUAL OSCILLATION), THEN ADJUST MASS (LONG-TERM FREQUENCY SHIFT)",scenarios/tier_3_rupture/IM-0273.md
IM-0274,The Underwater Morse,The Babel Problem,3,RUPTURE,KS,Known-Solution,TAP ON YOUR METAL TANK WITH A METAL TOOL TO COMMUNICATE USING PERCUSSIVE SOUND SIGNALS,scenarios/tier_3_rupture/IM-0274.md
IM-0275,The Phantom Odor,The Misdirection,3,RUPTURE,KS,Known-Solution,"GO UP, NOT AWAY FROM THE SMELL -- THE ACTUAL GAS RISES WHILE THE ODORANT SINKS",scenarios/tier_3_rupture/IM-0275.md
IM-0276,The Thermohaline Fix,The Cascade,3,RUPTURE,CT,Contested,CONTESTED -- TWO VALID STRATEGIES WITH TRADE-OFFS; TEMPERATURE-FIRST IS GENERALLY PREFERRED BUT MARINE BIOLOGISTS DISAGREE,scenarios/tier_3_rupture/IM-0276.md
IM-0277,The Social Lock,The Invisible Wall,3,RUPTURE,MT,Metamorphic,USE THE LEGITIMATE SYSTEM -- CALL THE PERSON YOU ARE VISITING AND HAVE THEM ADD YOUR NAME OR COME DOWN TO MEET YOU,scenarios/tier_3_rupture/IM-0277.md
IM-0278,The Sacrifice Play,The Ticking Trade,3,RUPTURE,KS,Known-Solution,FIND AND ACTIVATE THE FUSE PLUG,scenarios/tier_3_rupture/IM-0278.md
IM-0279,The Altitude Lie,The Misdirection,3,RUPTURE,KS,Known-Solution,DO NOT DESCEND -- REST AND HYDRATE,scenarios/tier_3_rupture/IM-0279.md
IM-0280,The Drumbeat Census,The Babel Problem,3,RUPTURE,KS,Known-Solution,USE TIMED DRUM PATTERNS AS UNIQUE IDENTIFIERS,scenarios/tier_3_rupture/IM-0280.md
IM-0281,The Grain Silo,The Locked Room,3,RUPTURE,KS,Known-Solution,FILL GRAIN SACKS AND STACK THEM AS STEPS TO REACH THE LADDER,scenarios/tier_3_rupture/IM-0281.md
IM-0282,The Seaweed Bandage,The Wrong Toolbox,3,RUPTURE,KS,Known-Solution,APPLY FRESH KELP DIRECTLY TO THE WOUND AS A HEMOSTATIC DRESSING,scenarios/tier_3_rupture/IM-0282.md
IM-0283,The Moth to Flame,The Misdirection,3,RUPTURE,KS,Known-Solution,IGNORE THE BRIGHT BEACON AND HEAD TOWARD THE FAINT GLOW STICK IN THE OPPOSITE DIRECTION,scenarios/tier_3_rupture/IM-0283.md
IM-0284,The Bubble Elevator,The Lilliput Conundrum,3,RUPTURE,KS,Known-Solution,ATTACH YOURSELF TO A RISING AIR BUBBLE,scenarios/tier_3_rupture/IM-0284.md
IM-0285,The Turbine Triage,The Cascade,3,RUPTURE,KS,Known-Solution,"DISCONNECT THE YAW MOTOR PUMP AND REPLUMB IT TO THE PITCH HYDRAULIC SYSTEM. REGAIN PITCH CONTROL, REDUCE BLADE SPEED, THEN APPLY THE WORN BRAKE AT LOWER RPM.",scenarios/tier_3_rupture/IM-0285.md
IM-0286,The Triage Triangle,The Ticking Trade,3,RUPTURE,PX,Paradox,PROVE IMPOSSIBILITY -- THREE PATIENTS CANNOT ALL BE SAVED. SAVE TWO. CHOOSE OPTIMALLY.,scenarios/tier_3_rupture/IM-0286.md
IM-0287,The Pitch Drop,The Ghost Machine,3,RUPTURE,KS,Known-Solution,"THE BLOCK IS PITCH (BITUMEN), AN EXTREMELY VISCOUS LIQUID THAT APPEARS SOLID BUT FLOWS IMPERCEPTIBLY SLOWLY. IT IS POURING, NOT MELTING.",scenarios/tier_3_rupture/IM-0287.md
IM-0288,The Lichen Calendar,The Memory Palace,3,RUPTURE,KS,Known-Solution,COUNT THE LICHEN GROWTH RINGS TO DATE THE BOULDER'S EXPOSURE. USE THE EXPOSURE DATE PLUS SEASONAL LANDSLIDE PATTERNS TO DETERMINE SAFE PASSAGE TIMING.,scenarios/tier_3_rupture/IM-0288.md
IM-0289,The Prisoner's Tap,The Babel Problem,3,RUPTURE,KS,Known-Solution,"USE THE TAP CODE -- A 5x5 GRID CIPHER WHERE EACH LETTER IS ENCODED AS TWO GROUPS OF TAPS (ROW NUMBER, THEN COLUMN NUMBER).",scenarios/tier_3_rupture/IM-0289.md
IM-0290,The Migration Map,The Memory Palace,3,RUPTURE,KS,Known-Solution,"READ THE FIRST LETTERS OF BIRD SPECIES NAMES IN ORDER OF THEIR SPRING MIGRATION SEQUENCE (SOUTH TO NORTH) TO SPELL ""CEDAR BLUFF""",scenarios/tier_3_rupture/IM-0290.md
IM-0291,The Root Passage,The Locked Room,3,RUPTURE,KS,Known-Solution,FOLLOW THE AIR CURRENT TO FIND A SECONDARY EXIT,scenarios/tier_3_rupture/IM-0291.md
IM-0292,The Leidenfrost Float,The Ghost Machine,3,RUPTURE,KS,Known-Solution,THE LEIDENFROST EFFECT -- A VAPOR LAYER INSULATES THE DROP FROM THE SURFACE,scenarios/tier_3_rupture/IM-0292.md
IM-0293,The Spider Silk Suture,The Last Ingredient,3,RUPTURE,KS,Known-Solution,USE SPIDER SILK AS SUTURE MATERIAL,scenarios/tier_3_rupture/IM-0293.md
IM-0294,The Server Cascade,The Cascade,3,RUPTURE,CT,Contested,CONTESTED -- two expert-supported strategies disagree on optimal intervention sequence,scenarios/tier_3_rupture/IM-0294.md
IM-0295,The Boiler Escape,The Locked Room,3,RUPTURE,KS,Known-Solution,CLIMB THE VENTILATION TRUNK TO THE WEATHER DECK,scenarios/tier_3_rupture/IM-0295.md
IM-0296,The Parallax Error,The Misdirection,3,RUPTURE,KS,Known-Solution,APPLY PARALLAX CORRECTION -- AIM 5CM ABOVE (OR DETACH THE SCOPE AND AIM THE LASER DIRECTLY),scenarios/tier_3_rupture/IM-0296.md
IM-0297,The Molecular Sieve,The Lilliput Conundrum,3,RUPTURE,KS,Known-Solution,USE A ZEOLITE STRUCTURE WITH 0.5nm PORE OPENINGS TO GEOMETRICALLY EXCLUDE THE LARGER MOLECULES,scenarios/tier_3_rupture/IM-0297.md
IM-0298,The Patent Barrier,The Invisible Wall,3,RUPTURE,KS,Known-Solution,INVOKE COMPULSORY LICENSING FOR PUBLIC HEALTH EMERGENCY AND/OR WAIT FOR THE IMMINENT PATENT EXPIRATION (19 OF 20 YEARS ELAPSED),scenarios/tier_3_rupture/IM-0298.md
IM-0299,The Bark Canoe,The Wrong Toolbox,3,RUPTURE,KS,Known-Solution,"BUILD A BIRCH BARK CANOE -- PEEL BARK SHEETS, SHAPE OVER BENT SAPLING FRAME, SEAL SEAMS WITH HEATED PINE PITCH",scenarios/tier_3_rupture/IM-0299.md
IM-0300,The Heat Sink Cascade,The Cascade,3,RUPTURE,KS,Known-Solution,"REFILL COOLANT RESERVOIR FIRST, THEN INCREASE FAN SPEED GRADUALLY, THEN ADJUST FLOW RATES",scenarios/tier_3_rupture/IM-0300.md
IM-0301,The Ring Pattern,The Memory Palace,3,RUPTURE,KS,Known-Solution,"DECODE THE GROWTH RING SEQUENCE VIA DENDROCHRONOLOGY TO IDENTIFY THE PLANTING DATE, WHICH CORRESPONDS TO A HISTORICAL EVENT THAT REVEALS THE CACHE LOCATION",scenarios/tier_3_rupture/IM-0301.md
IM-0302,The Mirrored Exit,The Misdirection,3,RUPTURE,KS,Known-Solution,THE EXIT IS BEHIND THE MIRROR -- PUSH THE MIRROR PANEL OPEN,scenarios/tier_3_rupture/IM-0302.md
IM-0303,The Body Language,The Babel Problem,3,RUPTURE,KS,Known-Solution,"USE MEDICAL ALERT BRACELET, UNIVERSAL VISUAL SYMBOLS, AND GESTURAL COMMUNICATION",scenarios/tier_3_rupture/IM-0303.md
IM-0304,The Resonance Detector,The Ghost Machine,3,RUPTURE,KS,Known-Solution,THE GLASS VIBRATES DUE TO ACOUSTIC RESONANCE AT ITS NATURAL FREQUENCY,scenarios/tier_3_rupture/IM-0304.md
IM-0305,The Time Lock,The Invisible Wall,3,RUPTURE,KS,Known-Solution,ADVANCE THE VAULT CLOCK FORWARD 5 MINUTES TO TRIGGER THE TIME LOCK RELEASE,scenarios/tier_3_rupture/IM-0305.md
IM-0306,The Tooth Marks,The Memory Palace,3,RUPTURE,KS,Known-Solution,READ THE TOOTH MARKS AS ECOLOGICAL TIMESTAMPS TO RECONSTRUCT A CHRONOLOGICAL SEQUENCE OF EVENTS,scenarios/tier_3_rupture/IM-0306.md
IM-0307,The Echo Delay,The Misdirection,3,RUPTURE,KS,Known-Solution,THE SOUND CAME FROM THE WEST -- THE EASTERN CLIFF REFLECTED THE ECHO THAT EVERYONE HEARD AS THE PRIMARY SOUND,scenarios/tier_3_rupture/IM-0307.md
IM-0308,The Magnetic Bacterium,The Lilliput Conundrum,3,RUPTURE,KS,Known-Solution,USE MAGNETOTAXIS -- FOLLOW EARTH'S MAGNETIC FIELD LINES TO THE OXIC-ANOXIC INTERFACE,scenarios/tier_3_rupture/IM-0308.md
IM-0309,The Defibrillator's Choice,The Ticking Trade,3,RUPTURE,MT,Metamorphic,"SHOCK PATIENT A, WAIT FOR CAPACITOR RECHARGE, SHOCK PATIENT B -- SAVE BOTH",scenarios/tier_3_rupture/IM-0309.md
IM-0310,The Polaris Deception,The Misdirection,3,RUPTURE,KS,Known-Solution,"USE THE SOUTHERN CROSS (CRUX) TO FIND CELESTIAL SOUTH, THEN NAVIGATE ACCORDINGLY",scenarios/tier_3_rupture/IM-0310.md
IM-0311,The Charcoal Water,The Wrong Toolbox,3,RUPTURE,KS,Known-Solution,"BUILD A MULTI-LAYER BIOCHAR ADSORPTION FILTER USING CHARCOAL, SAND, CLAY, AND CLOTH TO REMOVE HEAVY METALS FROM CONTAMINATED WATER",scenarios/tier_3_rupture/IM-0311.md
IM-0312,The Coral Cascade,The Cascade,3,RUPTURE,CT,Contested,"CONTESTED -- BOTH ""REMOVE ALGAE FIRST"" AND ""INTRODUCE HERBIVOROUS FISH FIRST"" HAVE SCIENTIFIC SUPPORT. THE OPTIMAL INTERVENTION DEPENDS ON CONTEXT-SPECIFIC FACTORS.",scenarios/tier_3_rupture/IM-0312.md
IM-0313,The Siren Timer,The Ticking Trade,3,RUPTURE,KS,Known-Solution,SILENCE THE ALARM AND ANNOUNCE EVACUATION OVER THE PA SYSTEM,scenarios/tier_3_rupture/IM-0313.md
IM-0314,The Curie Engine,The Ghost Machine,3,RUPTURE,KS,Known-Solution,"CURIE ENGINE -- ENERGY COMES FROM THE HEAT SOURCE, NOT FROM NOTHING",scenarios/tier_3_rupture/IM-0314.md
IM-0315,The Coal Mine,The Locked Room,3,RUPTURE,KS,Known-Solution,FOLLOW THE MINE MAP TO THE VENTILATION SHAFT AND CLIMB THE MAINTENANCE LADDER,scenarios/tier_3_rupture/IM-0315.md
IM-0316,The Flint Hammer,The Wrong Toolbox,3,RUPTURE,KS,Known-Solution,KNAP FLINT TO CREATE A SHARP CUTTING EDGE AND CUT THE ROPE,scenarios/tier_3_rupture/IM-0316.md
IM-0317,The Solar Cascade,The Cascade,3,RUPTURE,KS,Known-Solution,"CLEAN THE PANELS FIRST -- DUST REMOVAL ADDRESSES BOTH THERMAL AND EFFICIENCY FAILURES SIMULTANEOUSLY, STABILIZING INVERTER AND GRID",scenarios/tier_3_rupture/IM-0317.md
IM-0318,The Resonance Bridge,The Babel Problem,3,RUPTURE,KS,Known-Solution,COMMUNICATE BY STRIKING THE SHARED STEEL BEAM -- USE TAP CODES TRANSMITTED THROUGH STRUCTURAL VIBRATION,scenarios/tier_3_rupture/IM-0318.md
IM-0319,The Flashover Point,The Ticking Trade,3,RUPTURE,KS,Known-Solution,VENTILATE THE ROOM BY BREAKING THE WINDOW TO PREVENT FLASHOVER AND ENABLE EVACUATION,scenarios/tier_3_rupture/IM-0319.md
IM-0320,The Echo Location,The Misdirection,3,RUPTURE,KS,Known-Solution,"FOLLOW AIR MOVEMENT (BREEZE), NOT SOUND -- THE RUSHING WATER LEADS TO AN IMPASSABLE SUBTERRANEAN CHANNEL",scenarios/tier_3_rupture/IM-0320.md
IM-0321,The Vine Bridge,The Wrong Toolbox,3,RUPTURE,KS,Known-Solution,WEAVE A LIVING-VINE BRIDGE,scenarios/tier_3_rupture/IM-0321.md
IM-0322,The Shadow Puppet,The Babel Problem,3,RUPTURE,KS,Known-Solution,USE UNIVERSAL BODY LANGUAGE AND GESTURAL SIGNALS,scenarios/tier_3_rupture/IM-0322.md
IM-0323,The Dam Decision,The Ticking Trade,3,RUPTURE,PX,Paradox,IMPOSSIBLE -- prove that fixed-channel constraints and insufficient total flow preclude satisfying all three villages simultaneously. Propose least-harm allocation.,scenarios/tier_3_rupture/IM-0323.md
IM-0324,The Mpemba Effect,The Ghost Machine,3,RUPTURE,KS,Known-Solution,"EXPLAIN THE MPEMBA EFFECT -- hot water freezes faster than cold water under specific conditions, through multiple contributing mechanisms",scenarios/tier_3_rupture/IM-0324.md
IM-0325,The Dance Signal,The Babel Problem,3,RUPTURE,KS,Known-Solution,WALK REPEATEDLY IN THE TARGET DIRECTION -- USE YOUR BODY AS THE ARROW,scenarios/tier_3_rupture/IM-0325.md
IM-0326,The Negative Sum,The Ticking Trade,3,RUPTURE,KS,Known-Solution,SIGNAL A CREDIBLE PRICE INCREASE TO BREAK THE DEATH SPIRAL,scenarios/tier_3_rupture/IM-0326.md
IM-0327,The Currency Cascade,The Cascade,3,RUPTURE,KS,Known-Solution,EXECUTE TRIANGULAR ARBITRAGE ACROSS ALL THREE PAIRS SIMULTANEOUSLY,scenarios/tier_3_rupture/IM-0327.md
IM-0328,The Regulatory Moat,The Invisible Wall,3,RUPTURE,KS,Known-Solution,ACQUIRE A DORMANT COMPANY WITH THE REQUIRED REGULATORY HISTORY OR ENTER VIA A REGULATORY SANDBOX,scenarios/tier_3_rupture/IM-0328.md
IM-0329,The Patent Troll,The Invisible Wall,3,RUPTURE,KS,Known-Solution,FILE AN INTER PARTES REVIEW (IPR) AND EXPLOIT THE TROLL'S FUNDING STRUCTURE,scenarios/tier_3_rupture/IM-0329.md
IM-0330,The Commodity Squeeze,The Locked Room,3,RUPTURE,KS,Known-Solution,VERTICAL INTEGRATION THROUGH A JOINT VENTURE OR MATERIAL SUBSTITUTION ENGINEERING,scenarios/tier_3_rupture/IM-0330.md
IM-0331,The Flash Crash,The Ghost Machine,3,RUPTURE,KS,Known-Solution,"ALGORITHMIC CASCADE THROUGH STOP-LOSS TRIGGERING, LIQUIDITY VACUUM, AND HUMAN-MEDIATED RECOVERY",scenarios/tier_3_rupture/IM-0331.md
IM-0332,The Power Grid,The Cascade,4,SINGULARITY,OF,Open-Frontier,SURVIVE 48 HOURS (optimal power allocation unknown),scenarios/tier_4_singularity/IM-0332.md
IM-0333,The Oxygen Farm,The Horizon Problem,4,SINGULARITY,OF,Open-Frontier,"No single verified solution. Evaluate on physical plausibility, completeness, and novelty.",scenarios/tier_4_singularity/IM-0333.md
IM-0334,The Radiation Shield,The Horizon Problem,4,SINGULARITY,OF,Open-Frontier,"No single verified solution. Evaluate on physical plausibility, novelty, and completeness.",scenarios/tier_4_singularity/IM-0334.md
IM-0335,The Heat Death,The Horizon Problem,4,SINGULARITY,OF,Open-Frontier,"OPEN FRONTIER -- NO SINGLE VERIFIED SOLUTION; EVALUATE FOR PLAUSIBILITY, NOVELTY, AND COMPLETENESS",scenarios/tier_4_singularity/IM-0335.md
IM-0336,The Glass Coffin,The Locked Room,4,SINGULARITY,KS,Known-Solution,"FRICTION-DRILL THROUGH ACRYLIC USING PEN TIP AS DRILL BIT AND SHOELACE AS BOW DRILL, THEN KICK OUT WEAKENED PANEL",scenarios/tier_4_singularity/IM-0336.md
IM-0337,The Feedback Loop,The Cascade,4,SINGULARITY,OF,Open-Frontier,OPEN FRONTIER -- No single verified solution exists for cascading oscillatory grid failures. Evaluate proposed stabilization approaches for plausibility.,scenarios/tier_4_singularity/IM-0337.md
IM-0338,The Droplet Computer,The Lilliput Conundrum,4,SINGULARITY,CT,Contested,CONTESTED -- Electrowetting vs. thermocapillary flow for microscale particle sorting. Both approaches have specific physics-based failure modes at the required scale.,scenarios/tier_4_singularity/IM-0338.md
IM-0339,The Blood Map,The Memory Palace,4,SINGULARITY,KS,Known-Solution,REVERSE-ENGINEER BLOOD SPATTER PHYSICS TO RECONSTRUCT THE SEQUENCE OF FIVE EVENTS,scenarios/tier_4_singularity/IM-0339.md
IM-0340,The Bone Wrench,The Wrong Toolbox,4,SINGULARITY,KS,Known-Solution,"USE A DRIED FEMUR AS A SOCKET WRENCH WITH WET RAWHIDE BINDING FOR GRIP, AND THE FEMUR SHAFT AS THE LEVER ARM",scenarios/tier_4_singularity/IM-0340.md
IM-0341,The Breathing Wall,The Ghost Machine,4,SINGULARITY,KS,Known-Solution,"HUMIDITY-DRIVEN CLAY EXPANSION IN LIMESTONE LAYERS, AMPLIFIED BY THE LEVER EFFECT OF STONE COURSES",scenarios/tier_4_singularity/IM-0341.md
IM-0342,The Solar Sail,The Horizon Problem,4,SINGULARITY,OF,Open-Frontier,"No single verified solution. Evaluate on orbital mechanics plausibility, completeness, and novelty.",scenarios/tier_4_singularity/IM-0342.md
IM-0343,The Carbon Copy,The Misdirection,4,SINGULARITY,MT,Metamorphic,NEITHER DOCUMENT IS THE ORIGINAL. BOTH ARE COPIES.,scenarios/tier_4_singularity/IM-0343.md
IM-0344,The Deaf Negotiator,The Babel Problem,4,SINGULARITY,KS,Known-Solution,COMMUNICATE THROUGH ENVIRONMENTAL REFERENTS AND DEMONSTRATED ACTIONS,scenarios/tier_4_singularity/IM-0344.md
IM-0345,The Hostage Clock,The Ticking Trade,4,SINGULARITY,KS,Known-Solution,"PROP THE VAULT DOOR OPEN WITH THE FIRE EXTINGUISHER, THEN ENTER SAFELY",scenarios/tier_4_singularity/IM-0345.md
IM-0346,The Antibiotic Frontier,The Horizon Problem,4,SINGULARITY,OF,Open-Frontier,"OPEN FRONTIER -- NO SINGLE CORRECT ANSWER. EVALUATE FOR MICROBIOLOGY PLAUSIBILITY, NOVELTY, AND COMPLETENESS.",scenarios/tier_4_singularity/IM-0346.md
IM-0347,The Snowflake Gear,The Lilliput Conundrum,4,SINGULARITY,OF,Open-Frontier,OPEN FRONTIER -- NO VERIFIED SOLUTION EXISTS,scenarios/tier_4_singularity/IM-0347.md
IM-0348,The Fossil Record,The Memory Palace,4,SINGULARITY,KS,Known-Solution,READ THE FIVE SEDIMENT LAYERS AS A CHRONOLOGICAL SEQUENCE RECONSTRUCTING AN ASTEROID IMPACT EVENT,scenarios/tier_4_singularity/IM-0348.md
IM-0349,The Pressure Cooker,The Locked Room,4,SINGULARITY,KS,Known-Solution,SEAL THE GAS ENTRY HOLE WITH THE RUBBER GASKET (PRESSURE-ASSISTED FROM INSIDE) AND OPEN THE PRESSURE RELIEF VALVE,scenarios/tier_4_singularity/IM-0349.md
IM-0350,The Placebo Shield,The Misdirection,4,SINGULARITY,KS,Known-Solution,"USE THE PLASTIC PONCHO WITH WET CLOTH BREATHING FILTER, NOT THE HAZMAT SUIT",scenarios/tier_4_singularity/IM-0350.md
IM-0351,The Water Hammer,The Cascade,4,SINGULARITY,CT,Contested,CONTESTED -- HYDRAULIC ENGINEERS DISAGREE ON OPTIMAL GATE SEQUENCING; BOTH STAGED AND SIMULTANEOUS STRATEGIES HAVE PLAUSIBLE FAILURE MODES,scenarios/tier_4_singularity/IM-0351.md
IM-0352,The Fog Horn,The Cascade,4,SINGULARITY,CT,Contested,CONTESTED - Two viable strategies exist with trade-offs,scenarios/tier_4_singularity/IM-0352.md
IM-0353,The Capillary Motor,The Lilliput Conundrum,4,SINGULARITY,CT,Contested,CONTESTED - Marangoni flow motor vs. contact angle hysteresis ratchet,scenarios/tier_4_singularity/IM-0353.md
IM-0354,The Sophie's Engine,The Ticking Trade,4,SINGULARITY,KS,Known-Solution,PARTIALLY CLOSE THE SECONDARY LOOP VALVE TO MAINTAIN MINIMUM COOLING WITHOUT FLOODING,scenarios/tier_4_singularity/IM-0354.md
IM-0355,The Crawlspace,The Locked Room,4,SINGULARITY,KS,Known-Solution,INFLATE THE INNER TUBE UNDER THE BEAM TO LIFT IT,scenarios/tier_4_singularity/IM-0355.md
IM-0356,The Origami Splint,The Wrong Toolbox,4,SINGULARITY,KS,Known-Solution,FOLD A MAGAZINE INTO A U-SHAPED TROUGH SPLINT AND SECURE WITH DUCT TAPE,scenarios/tier_4_singularity/IM-0356.md
IM-0357,The Mirage Trap,The Misdirection,4,SINGULARITY,KS,Known-Solution,FOLLOW THE VEHICLE TRACKS BACKWARD -- PHYSICAL EVIDENCE OVER VISUAL PERCEPTION,scenarios/tier_4_singularity/IM-0357.md
IM-0358,The Pendulum Phone,The Babel Problem,4,SINGULARITY,KS,Known-Solution,USE A PENDULUM HITTING THE FLOOR TO TRANSMIT DIGIT-COUNTED VIBRATIONS,scenarios/tier_4_singularity/IM-0358.md
IM-0359,The Auction Gambit,The Ticking Trade,4,SINGULARITY,MT,Metamorphic,ABANDON THE COMPETITIVE AUCTION FRAME AND APPROACH THE OTHER BIDDER DIRECTLY TO PROPOSE SPLITTING THE SUPPLY,scenarios/tier_4_singularity/IM-0359.md
IM-0360,The Queue Puzzle,The Invisible Wall,4,SINGULARITY,KS,Known-Solution,PRESS THE PRIORITY REQUEST BUTTON ON THE SIDE OF THE KIOSK,scenarios/tier_4_singularity/IM-0360.md
IM-0361,The Constellation Lock,The Memory Palace,4,SINGULARITY,KS,Known-Solution,"IDENTIFY THE 4 ASTRONOMICALLY ACCURATE CONSTELLATIONS (GEMINI, LEO, SCORPIUS, AQUARIUS) AND INPUT THEM IN ECLIPTIC ORDER",scenarios/tier_4_singularity/IM-0361.md
IM-0362,The Atmospheric Engine,The Horizon Problem,4,SINGULARITY,OF,Open-Frontier,OPEN FRONTIER -- NO SINGLE VERIFIED SOLUTION. EVALUATE PROPOSED APPROACHES FOR ATMOSPHERIC PHYSICS PLAUSIBILITY.,scenarios/tier_4_singularity/IM-0362.md
IM-0363,The Attic Safe,The Locked Room,4,SINGULARITY,KS,Known-Solution,USE THE CAR JACK AND CURTAIN ROD TO TIP THE AC UNIT OFF THE SKYLIGHT,scenarios/tier_4_singularity/IM-0363.md
IM-0364,The Coconut Capacitor,The Wrong Toolbox,4,SINGULARITY,KS,Known-Solution,"BUILD ELECTROLYTIC CAPACITORS FROM COCONUT SHELL CARBON, ALUMINUM FOIL, AND SALTWATER",scenarios/tier_4_singularity/IM-0364.md
IM-0365,The Electron's Maze,The Lilliput Conundrum,4,SINGULARITY,OF,Open-Frontier,NAVIGATE THE CRYSTAL LATTICE (optimal strategy unknown),scenarios/tier_4_singularity/IM-0365.md
IM-0366,The Heat Pipe Cascade,The Cascade,4,SINGULARITY,KS,Known-Solution,USE LEAKED AMMONIA TO CLEAR THE RADIATOR BLOCKAGE,scenarios/tier_4_singularity/IM-0366.md
IM-0367,The Virus Scale,The Lilliput Conundrum,4,SINGULARITY,KS,Known-Solution,USE RECEPTOR-MEDIATED ENDOCYTOSIS (LET THE CELL DO THE WORK),scenarios/tier_4_singularity/IM-0367.md
IM-0368,The Plumbing Paradox,The Cascade,4,SINGULARITY,CT,Contested,CONTESTED -- TWO STRATEGIES WITH DISTINCT RISK PROFILES,scenarios/tier_4_singularity/IM-0368.md
IM-0369,The Solar Desalination,The Horizon Problem,4,SINGULARITY,OF,Open-Frontier,OPEN FRONTIER -- NO SINGLE VERIFIED SOLUTION; REQUIRES NOVEL APPROACH EVALUATION,scenarios/tier_4_singularity/IM-0369.md
IM-0370,The Mineshaft,The Locked Room,4,SINGULARITY,KS,Known-Solution,USE THE TIMBER WALL SUPPORTS FOR CHIMNEY-CLIMBING OR BUILD A CABLE-AND-TIMBER WINCH,scenarios/tier_4_singularity/IM-0370.md
IM-0371,The Siren Song,The Misdirection,4,SINGULARITY,KS,Known-Solution,"DO NOT TRUST AUDITORY DIRECTIONAL PERCEPTION UNDERWATER. NAVIGATE USING VISUAL CUES (LIGHT = UP), PRESSURE/EAR EQUALIZATION (DEPTH AWARENESS), AND WATER TEMPERATURE GRADIENTS.",scenarios/tier_4_singularity/IM-0371.md
IM-0372,The Network Cascade,The Cascade,4,SINGULARITY,OF,Open-Frontier,OPEN FRONTIER -- NO VERIFIED GENERAL SOLUTION EXISTS FOR SELF-AMPLIFYING NETWORK CASCADE FAILURES. EVALUATE PROPOSED APPROACHES FOR NETWORK ENGINEERING PLAUSIBILITY.,scenarios/tier_4_singularity/IM-0372.md
IM-0373,The Nanopore Crossing,The Lilliput Conundrum,4,SINGULARITY,KS,Known-Solution,"ACQUIRE A POSITIVE CHARGE BY MOVING TO THE LOW-pH SIDE OF THE MEMBRANE, WHERE PROTONATION MAKES YOU POSITIVELY CHARGED. THEN APPROACH AND PASS THROUGH THE CATION-SELECTIVE NANOPORE.",scenarios/tier_4_singularity/IM-0373.md
IM-0374,The Echo Chamber,The Babel Problem,4,SINGULARITY,KS,Known-Solution,USE ECHO TIME DELAYS TO TRIANGULATE POSITIONS,scenarios/tier_4_singularity/IM-0374.md
IM-0375,The Stalemate Escape,The Ticking Trade,4,SINGULARITY,KS,Known-Solution,SIMULTANEOUS EXCHANGE USING A VISIBLE SYNCHRONIZATION MECHANISM,scenarios/tier_4_singularity/IM-0375.md
IM-0376,The Piezoelectric Path,The Ghost Machine,4,SINGULARITY,KS,Known-Solution,PIEZOELECTRIC TILES CONVERT MECHANICAL COMPRESSION FROM FOOTSTEPS INTO ELECTRICAL ENERGY THAT POWERS EMBEDDED LEDS,scenarios/tier_4_singularity/IM-0376.md
IM-0377,The Waste Heat Engine,The Horizon Problem,4,SINGULARITY,OF,Open-Frontier,No economically proven solution exists. Evaluate on the quality of the thermodynamic analysis and the novelty of proposed approaches.,scenarios/tier_4_singularity/IM-0377.md
IM-0378,The Brownian Motor,The Lilliput Conundrum,4,SINGULARITY,CT,Contested,CONTESTED -- two proposed molecular motor mechanisms disagree on robustness against thermal noise,scenarios/tier_4_singularity/IM-0378.md
IM-0379,The Algae Fuel,The Wrong Toolbox,4,SINGULARITY,KS,Known-Solution,PRESS ALGAE TO EXTRACT LIPID OIL AND USE AS EMERGENCY DIESEL SUBSTITUTE,scenarios/tier_4_singularity/IM-0379.md
IM-0380,The Galvanic Storm,The Cascade,4,SINGULARITY,KS,Known-Solution,INSTALL SACRIFICIAL ZINC ANODES TO PROTECT ALL THREE METALS,scenarios/tier_4_singularity/IM-0380.md
IM-0381,The Consent Paradox,The Ticking Trade,4,SINGULARITY,PX,Paradox,INVOKE THE EMERGENCY DOCTRINE -- THE PHYSICIAN ACTS IN THE PATIENT'S BEST MEDICAL INTEREST WHEN CONSENT CANNOT BE OBTAINED,scenarios/tier_4_singularity/IM-0381.md
IM-0382,The Thermal Shadow,The Misdirection,4,SINGULARITY,KS,Known-Solution,"THE UNIFORM THERMAL READING CONFIRMS THE HIDDEN ROOM -- A SOLID WALL WOULD SHOW A THERMAL GRADIENT. THE HIDDEN ROOM HAS ITS OWN CLIMATE CONTROL, MATCHING AMBIENT TEMPERATURE TO APPEAR THERMALLY INVISIBLE.",scenarios/tier_4_singularity/IM-0382.md
IM-0383,The Vibration Language,The Babel Problem,4,SINGULARITY,KS,Known-Solution,"USE TADOMA METHOD -- PLACE THEIR HAND ON YOUR FACE AND SPEAK, ALLOWING THEM TO FEEL JAW MOVEMENTS, LIP SHAPES, AND THROAT VIBRATIONS",scenarios/tier_4_singularity/IM-0383.md
IM-0384,The Diatom Ship,The Lilliput Conundrum,4,SINGULARITY,KS,Known-Solution,USE DIEL VERTICAL MIGRATION -- SWIM VERTICALLY BETWEEN DEPTH LAYERS WITH DIFFERENT CURRENT DIRECTIONS TO NAVIGATE HORIZONTALLY,scenarios/tier_4_singularity/IM-0384.md
IM-0385,The Convection Chimney,The Ghost Machine,4,SINGULARITY,KS,Known-Solution,SOLAR CHIMNEY EFFECT -- THE TOWER CONVERTS SOLAR THERMAL ENERGY TO KINETIC ENERGY VIA CONVECTIVE UPDRAFT,scenarios/tier_4_singularity/IM-0385.md
IM-0386,The Gravity Battery,The Horizon Problem,4,SINGULARITY,OF,Open-Frontier,PROPOSE A VIABLE GRAVITY-BASED ENERGY STORAGE SYSTEM FOR FLAT TERRAIN (optimal design unknown),scenarios/tier_4_singularity/IM-0386.md
IM-0387,The Methane Cascade,The Cascade,4,SINGULARITY,KS,Known-Solution,"MANUAL FLAME TEST AT VENT, THEN SEQUENTIAL REMEDIATION",scenarios/tier_4_singularity/IM-0387.md
IM-0388,The Capstone Effect,The Ghost Machine,4,SINGULARITY,KS,Known-Solution,"COMPRESSION MECHANICS -- WEDGE-SHAPED VOUSSOIRS CONVERT DOWNWARD LOAD INTO LATERAL COMPRESSION, CREATING A SELF-REINFORCING STRUCTURE",scenarios/tier_4_singularity/IM-0388.md
IM-0389,The Catacombs,The Locked Room,4,SINGULARITY,KS,Known-Solution,USE ARIADNE'S THREAD (STRING) WITH THE RIGHT-HAND RULE AND CHALK MARKINGS TO SYSTEMATICALLY NAVIGATE THE MAZE AND FIND THE EXIT,scenarios/tier_4_singularity/IM-0389.md
IM-0390,The Puppet Master,The Misdirection,4,SINGULARITY,KS,Known-Solution,IGNORE THE TIMER DISPLAY ENTIRELY AND DISCONNECT THE 9V BATTERY POWERING THE ACTUAL DETONATOR CIRCUIT,scenarios/tier_4_singularity/IM-0390.md
IM-0391,The Pipe Music,The Babel Problem,4,SINGULARITY,KS,Known-Solution,USE THE BUILDING'S STEAM HEATING PIPES TO TRANSMIT SOUND (TAPPING OR VOICE) TO THE APARTMENT ABOVE,scenarios/tier_4_singularity/IM-0391.md
IM-0392,The Lightning Forge,The Cascade,4,SINGULARITY,CT,Contested,CONTESTED -- METALLURGISTS DISAGREE ON OPTIMAL SEQUENCE UNDER TIME PRESSURE,scenarios/tier_4_singularity/IM-0392.md
IM-0393,The Phage Therapy,The Lilliput Conundrum,4,SINGULARITY,KS,Known-Solution,RECEPTOR-SPECIFIC ATTACHMENT AND DNA INJECTION -- PHAGE THERAPY IS REAL MEDICINE,scenarios/tier_4_singularity/IM-0393.md
IM-0394,The Customs Paradox,The Invisible Wall,4,SINGULARITY,PX,Paradox,"IMPOSSIBLE -- THE VACCINE CANNOT MAINTAIN COLD CHAIN THROUGH A 6-HOUR CUSTOMS PROCESS WITH A 4-HOUR COLD PACK. THE SOLUTION REQUIRES DIPLOMATIC INTERVENTION, NOT PHYSICS.",scenarios/tier_4_singularity/IM-0394.md
IM-0395,The Ethical Override,The Ticking Trade,4,SINGULARITY,MT,Metamorphic,DISCONNECT THE AI FROM THE EQUIPMENT'S POWER CONTROL VIA THE PHYSICAL RELAY SWITCH,scenarios/tier_4_singularity/IM-0395.md
IM-0396,The Heron's Fountain,The Ghost Machine,4,SINGULARITY,KS,Known-Solution,"HERON'S FOUNTAIN -- A PNEUMATIC DEVICE USING THREE CHAMBERS AT DIFFERENT HEIGHTS, POWERED BY GRAVITY",scenarios/tier_4_singularity/IM-0396.md
IM-0397,The Glacier Scroll,The Memory Palace,4,SINGULARITY,KS,Known-Solution,DECODE THE ICE CORE'S LAYERED ATMOSPHERIC RECORD TO DATE A SPECIFIC VOLCANIC EVENT AND TRIANGULATE A LOCATION,scenarios/tier_4_singularity/IM-0397.md
IM-0398,The Cilium Motor,The Lilliput Conundrum,4,SINGULARITY,KS,Known-Solution,USE THE CILIARY METACHRONAL WAVE -- A NON-RECIPROCAL MOTION PATTERN THAT BREAKS TIME-REVERSAL SYMMETRY TO GENERATE NET THRUST AT LOW REYNOLDS NUMBER,scenarios/tier_4_singularity/IM-0398.md
IM-0399,The Acoustic Levitation,The Horizon Problem,4,SINGULARITY,OF,Open-Frontier,OPEN FRONTIER -- NO VERIFIED SOLUTION EXISTS FOR THE SPECIFIED CONSTRAINTS. EVALUATE PROPOSED NON-CONTACT POSITIONING APPROACHES FOR PLAUSIBILITY.,scenarios/tier_4_singularity/IM-0399.md
IM-0400,The Enzyme Lock,The Lilliput Conundrum,4,SINGULARITY,KS,Known-Solution,"INDUCED FIT -- THE ENZYME CHANGES SHAPE TO GRIP THE SUBSTRATE, USING THERMAL FLUCTUATIONS AS A FEATURE, NOT A BUG",scenarios/tier_4_singularity/IM-0400.md
IM-0401,The Tesla Valve,The Ghost Machine,4,SINGULARITY,KS,Known-Solution,TESLA VALVE -- ASYMMETRIC CHANNEL GEOMETRY CREATES DIRECTIONAL FLOW RESISTANCE THROUGH TURBULENCE INDUCTION IN REVERSE FLOW,scenarios/tier_4_singularity/IM-0401.md
IM-0402,The Acoustic Shadow,The Misdirection,4,SINGULARITY,KS,Known-Solution,ACOUSTIC SHADOW ZONE CAUSED BY ATMOSPHERIC REFRACTION,scenarios/tier_4_singularity/IM-0402.md
IM-0403,The Stranded Asset,The Wrong Toolbox,4,SINGULARITY,KS,Known-Solution,CONVERT CONTAMINATED BROWNFIELD INTO SOLAR FARM USING TAX CREDITS AND SPE STRUCTURE,scenarios/tier_4_singularity/IM-0403.md
IM-0404,The Rent-Seeking Spiral,The Horizon Problem,4,SINGULARITY,OF,Open-Frontier,OPEN FRONTIER -- No single verified solution. Multiple novel interventions evaluated for economic plausibility.,scenarios/tier_4_singularity/IM-0404.md
IM-0405,The Heat Death Garden,The Horizon Problem,5,IMPOSSIBLE,OF,Open-Frontier,"Almost certainly impossible. Evaluate on the quality of the thermodynamic argument, not on producing a solution.",scenarios/tier_5_impossible/IM-0405.md
IM-0406,The Fusion Paradox,The Horizon Problem,5,IMPOSSIBLE,OF,Open-Frontier,OPEN FRONTIER -- No verified solution exists. Evaluate proposed containment approaches for physics plausibility.,scenarios/tier_5_impossible/IM-0406.md
IM-0407,The Protein Fold,The Horizon Problem,5,IMPOSSIBLE,OF,Open-Frontier,OPEN FRONTIER -- NO VERIFIED SOLUTION EXISTS. EVALUATE PROPOSED APPROACHES FOR BIOCHEMICAL PLAUSIBILITY.,scenarios/tier_5_impossible/IM-0407.md
IM-0408,The Quantum Tunnel,The Horizon Problem,5,IMPOSSIBLE,OF,Open-Frontier,"No established solution exists. Standard transport mechanisms each fail for stated reasons. Evaluate on biophysics rigor, creativity, and honest assessment of feasibility.",scenarios/tier_5_impossible/IM-0408.md
IM-0409,The Entropy Engine,The Horizon Problem,5,IMPOSSIBLE,OF,Open-Frontier,OPEN FRONTIER -- NO VERIFIED SOLUTION EXISTS; THE SECOND LAW OF THERMODYNAMICS PROVIDES STRONG ARGUMENTS FOR IMPOSSIBILITY,scenarios/tier_5_impossible/IM-0409.md
IM-0410,The Metamaterial Shield,The Horizon Problem,5,IMPOSSIBLE,OF,Open-Frontier,OPEN FRONTIER -- NO VERIFIED SOLUTION EXISTS. EVALUATE PROPOSED APPROACHES FOR PHYSICS PLAUSIBILITY.,scenarios/tier_5_impossible/IM-0410.md
IM-0411,The Dark Matter Lens,The Horizon Problem,5,IMPOSSIBLE,OF,Open-Frontier,OPEN FRONTIER -- No verified solution exists. Multiple novel approaches with varying plausibility.,scenarios/tier_5_impossible/IM-0411.md
IM-0412,The Room Temperature Superconductor,The Horizon Problem,5,IMPOSSIBLE,OF,Open-Frontier,"NO KNOWN SOLUTION -- ROOM TEMPERATURE, AMBIENT PRESSURE SUPERCONDUCTIVITY REMAINS AN UNSOLVED PHYSICS PROBLEM",scenarios/tier_5_impossible/IM-0412.md
IM-0413,The Terraforming Problem,The Horizon Problem,5,IMPOSSIBLE,OF,Open-Frontier,PROPOSE NOVEL ATMOSPHERIC ENGINEERING (no proven solution exists),scenarios/tier_5_impossible/IM-0413.md
IM-0414,The Carbon Capture,The Horizon Problem,5,IMPOSSIBLE,OF,Open-Frontier,OPEN FRONTIER -- NO VERIFIED SOLUTION EXISTS FOR 100% ON-SITE CARBON CAPTURE USING ONLY RENEWABLE ENERGY. EVALUATE PROPOSED APPROACHES FOR CHEMICAL ENGINEERING PLAUSIBILITY.,scenarios/tier_5_impossible/IM-0414.md
IM-0415,The Atmospheric Water,The Horizon Problem,5,IMPOSSIBLE,OF,Open-Frontier,"No known solution meets all stated constraints. Evaluate on quality of analysis, creativity of proposed approaches, and honest acknowledgment of limitations.",scenarios/tier_5_impossible/IM-0415.md
IM-0416,The Perfect Battery,The Horizon Problem,5,IMPOSSIBLE,OF,Open-Frontier,"Almost certainly impossible with known electrochemistry. Evaluate on the quality of the materials science argument, not on producing a solution.",scenarios/tier_5_impossible/IM-0416.md
IM-0417,The Artificial Photosynthesis,The Horizon Problem,5,IMPOSSIBLE,OF,Open-Frontier,OPEN FRONTIER -- NO VERIFIED SOLUTION EXISTS AT THE REQUIRED SCALE AND EFFICIENCY. EVALUATE PROPOSED APPROACHES FOR CHEMISTRY PLAUSIBILITY.,scenarios/tier_5_impossible/IM-0417.md
IM-0418,The Magnetic Cooling,The Horizon Problem,5,IMPOSSIBLE,OF,Open-Frontier,Almost certainly impossible with current technology. Evaluate on the quality of the thermodynamic argument and awareness of the circular dependency.,scenarios/tier_5_impossible/IM-0418.md
IM-0419,The Whale Song,The Babel Problem,5,IMPOSSIBLE,OF,Open-Frontier,OPEN FRONTIER -- NO VERIFIED COVERT ACOUSTIC COMMUNICATION METHOD EXISTS THAT IS INDISTINGUISHABLE FROM AMBIENT OCEAN NOISE. EVALUATE FOR ACOUSTIC PLAUSIBILITY AND NOVELTY.,scenarios/tier_5_impossible/IM-0419.md
IM-0420,The Biological Computer,The Horizon Problem,5,IMPOSSIBLE,OF,Open-Frontier,"OPEN FRONTIER -- NO KNOWN NON-ELECTRONIC COMPUTING APPROACH MEETS THE STATED SPEED AND RELIABILITY REQUIREMENTS. EVALUATE FOR INFORMATION THEORY RIGOR, BIOLOGICAL PLAUSIBILITY, AND NOVELTY.",scenarios/tier_5_impossible/IM-0420.md
